ID	row ID	SMILES	Exp (pAC50)	z-score	ExpValues	DBS	TI2_L	PW4	CATS2D_07_NL	KnimePrediction
1	C103902	O=C(Nc1ccc(O)cc1)C	0	NA	0	TS	2.349	0.137	0	0
2	C968810	O=C(NC1CCCCC1)NS(=O)(=O)c2ccc(cc2)C(=O)C	0	NA	0	VS	4.533	0.156	0	0
3	C520456	O=C1OC(=CC(O)=C1C(=O)C)C	0	NA	0	TS	1.482	0.187	0	0
4	C18699020	O=C(O)Cc1ccc(cc1)NC(=O)C	0	NA	0	VS	2.952	0.144	0	0
5	C50594666	O=C(O)c2cc(Oc1ccc(cc1Cl)C(F)(F)F)ccc2[N+](=O)[O-]	0	NA	0	TS	3.875	0.161	3	0
6	C82280	O=C1c3ccccc3(C(=O)c2c(N)c(ccc12)C)	0	NA	0	TS	1.418	0.214	0	0
7	C3775551	O=[N+]([O-])c1oc(cc1)C2=NNC(=N)O2	0	NA	0	TS	2.564	0.164	0	0
8	C99570	O=[N+]([O-])c1ccc(O)c(N)c1	0	NA	0	VS	1.696	0.135	0	0
9	C121880	O=[N+]([O-])c1ccc(N)c(O)c1	0	NA	0	TS	1.696	0.135	0	0
10	C119346	O=[N+]([O-])c1cc(N)ccc1(O)	0	NA	0	TS	1.553	0.16	0	0
11	C121664	O=[N+]([O-])C1=CNC(=N)S1	0	NA	0	TS	1.709	0.142	0	0
12	C117793	O=C1c3ccccc3(C(=O)c2cc(N)ccc12)	0	NA	0	TS	1.393	0.21	0	0
13	C97563	N(=Nc1ccccc1C)c2ccc(N)c(c2)C	0	NA	0	TS	3.742	0.153	0	0
14	C2113613	Nc1ccc(cc1)c2ccccc2	0	NA	0	VS	2.241	0.164	0	0
15	C15879933	OCC(O)C2OC1OC(OC1C2(O))C(Cl)(Cl)Cl	0	NA	0	TS	2.355	0.168	0	0
17	C20265978	O(c1ccc(N)cc1)C	0	NA	0	TS	1.544	0.136	0	0
18	C320672	O=C1NC(=N)N=CN1C2OC(CO)C(O)C2(O)	0	NA	0	VS	2.377	0.192	0	0
20	C30516871	[N-]=[N+]=NC1CC(OC1(CO))N2C=C(C(=O)NC2(=O))C	0	NA	0	TS	2.692	0.19	0	0
21	C92875	Nc1ccc(cc1)c2ccc(N)cc2	0	NA	0	TS	2.38	0.154	0	0
23	C91769	N=C1N=C(NC(=N)N1)c2ccccc2	0	NA	0	TS	2.214	0.179	0	0
24	C65850	O=C(O)c1ccccc1	0	NA	0	VS	1.659	0.139	0	0
25	C119539	O=C(c1ccccc1)C(O)c2ccccc2	0	NA	0	TS	3.098	0.173	0	0
26	C95147	n1nc2ccccc2([nH]1)	0	NA	0	TS	0.95	0.184	0	0
27	C100516	OCc1ccccc1	0	NA	0	TS	1.481	0.145	0	0
28	C120321	Oc1ccc(cc1Cc2ccccc2)Cl	0	NA	0	TS	2.866	0.163	0	0
29	C82657043	O=C(OCc2cccc(c1ccccc1)c2C)C3C(C=C(C(F)(F)F)Cl)C3(C)(C)	0	NA	0	VS	5.743	0.159	0	0
30	C80057	Oc1ccc(cc1)C(c2ccc(O)cc2)(C)C	0	NA	0	VS	2.731	0.154	0	0
31	C33229344	O=[N+]([O-])c1cc(ccc1(NCCO))N(CCO)CCO	0	NA	0	TS	2.807	0.181	0	0
32	C22260511	O=C(NC1(OC3(O)(N(C1(=O))C(C(=O)N2CCCC23)CC(C)C))C(C)C)C6=CC7c5cccc4[nH]c(c(c45)CC7(N(C)C6))Br	0	NA	0	TS	4.822	0.224	0	0
33	C51333223	O=C5C=CC3(C(=CCC2C4CC1OC(OC1(C(=O)CO)C4(C)(CC(O)C23))CCC)C5)(C)	5.12	3	1	TS	2.205	0.231	0	1
34	C85687	O=C(OCc1ccccc1)c2ccccc2(C(=O)OCCCC)	0	NA	0	TS	4.684	0.168	0	0
35	C94268	O=C(OCCCC)c1ccc(O)cc1	0	NA	0	VS	3.444	0.138	0	0
36	C3817116	O=NN(CCCC)CCCCO	0	NA	0	TS	3.449	0.13	0	0
37	C2409554	Oc1ccc(cc1C(C)(C)C)C	0	NA	0	TS	1.671	0.152	0	0
38	C1948330	Oc1ccc(O)c(c1)C(C)(C)C	0	NA	0	VS	1.671	0.152	0	0
39	C98544	Oc1ccc(cc1)C(C)(C)C	3.86	3	1	VS	1.833	0.118	0	1
40	C592314	O=C(N)NCCCC	0	NA	0	VS	2.999	0.087	0	0
41	C50146	OC3CC(=CC=C1CCCC2(C)(C1CCC2(C(C=CC(C)C(C)C)C)))C(=C)CC3	0	NA	0	TS	4.964	0.168	0	0
42	C105602	O=C1NCCCCC1	4.92	3	1	VS	1.017	0.126	0	1
43	C133062	Oc1c2c(c(O)n1SC(Cl)(Cl)Cl)CC=CC2	0	NA	0	TS	2.276	0.184	0	0
44	C86748	c1ccc3c(c1)[nH]c2ccccc23	0	NA	0	TS	1.305	0.212	0	0
45	C1563662	O=C(Oc2cccc1c2(OC(C)(C)C1))NC	0	NA	0	TS	2.514	0.171	0	0
46	C77656	O=C(N)NC(=O)C(CC)(CC)Br	0	NA	0	TS	2.502	0.13	0	0
48	C133904	O=C(O)c1cc(cc(N)c1Cl)Cl	0	NA	0	VS	1.513	0.17	0	0
49	C305033	O=C(O)CCCc1ccc(cc1)N(CCCl)CCCl	0	NA	0	TS	4.006	0.157	0	0
50	C56757	O=C(NC(CO)C(O)c1ccc(cc1)[N+](=O)[O-])C(Cl)Cl	0	NA	0	TS	3.792	0.143	0	0
51	C115286	O=C(O)C1C(C(=O)O)C2(C(=C(C1(C2(Cl)Cl)Cl)Cl)Cl)Cl	0	NA	0	TS	1.075	0.247	0	0
52	C95749	Nc1ccc(c(c1)Cl)C	0	NA	0	TS	1.06	0.135	0	0
53	C50892234	O=C(O)CSC2=NC(=Nc1cccc(c1C)C)C=C(N2)Cl	5.25	3	1	TS	3.821	0.157	0	1
54	C106478	Nc1ccc(cc1)Cl	0	NA	0	TS	1.14	0.122	0	0
55	C510156	O=C(OCC)C(O)(c1ccc(cc1)Cl)c2ccc(cc2)Cl	0	NA	0	VS	2.211	0.179	0	0
56	C80331	O=S(=O)(Oc1ccc(cc1)Cl)c2ccc(cc2)Cl	0	NA	0	VS	3.385	0.149	0	0
57	C150685	O=C(Nc1ccc(cc1)Cl)N(C)C	0	NA	0	TS	2.904	0.121	0	0
58	C113928	n1ccccc1C(c2ccc(cc2)Cl)CCN(C)C	0	NA	0	TS	2.417	0.159	0	0
59	C94202	O=C(NCCC)NS(=O)(=O)c1ccc(cc1)Cl	0	NA	0	TS	3.634	0.145	0	0
60	C52214843	O=C(O)C(Oc1ccc(cc1)C2CC2(Cl)Cl)(C)C	5.99	3	1	VS	3.47	0.123	1	1
61	C77929	O=C(O)CC(O)(C(=O)O)CC(=O)O	0	NA	0	TS	2.211	0.146	0	0
62	C88107102	O=C(c2ccc(OCCCCc1nn[nH]n1)c(c2(O))CCC)C	4.68	3	1	TS	5.167	0.18	0	1
63	C56724	O=C2Oc1cc(OP(OCC)(OCC)=S)ccc1C(=C2Cl)C	0	NA	0	VS	3.352	0.186	0	0
64	C91645	O=C1Oc2ccccc2(C=C1)	0	NA	0	VS	1.207	0.177	0	0
65	C102501	O(c1ccc(N)c(c1)C)C	0	NA	0	TS	1.476	0.144	0	0
66	C120718	O(c1ccc(cc1(N))C)C	0	NA	0	TS	1.393	0.16	0	0
67	C59865133	O=C1NC(C(=O)N(C)C(C(=O)N(C)C(C(=O)N(C)C(C(=O)N(C)C(C(=O)NC(C(=O)N(C)CC(=O)N(C)C(C(=O)NC(C(=O)N(C)C(C(=O)NC1C)CC(C)C)C(C)C)CC(C)C)CC)C(O)C(C)CC=CC)C(C)C)CC(C)C)CC(C)C)C	0	NA	0	TS	3.888	0.176	0	0
68	C427510	O=C(OC5(C(=O)C)(CCC4C3=CC(=C2CC(=O)C1CC1C2(C)C3CCC45(C))Cl))C	0	NA	0	TS	2.298	0.222	0	0
69	C21739913	O=C(O)C=C(C(=O)c1ccc(OC)cc1)Br	0	NA	0	TS	3.266	0.15	0	0
70	C1596845	O=C(O)CCC(=O)NN(C)C	0	NA	0	TS	3.366	0.106	0	0
71	C80080	O=S(=O)(c1ccc(N)cc1)c2ccc(N)cc2	0	NA	0	VS	2.731	0.154	0	0
72	C14484470	O=C(OCC(=O)C35(N=C(OC5(CC2C4CC=C1CC(=O)C=CC1(C)C4(C(O)CC23(C))))C))C	0	NA	0	TS	2.687	0.217	0	0
73	C52918635	N#CC(OC(=O)C1C(C=C(Br)Br)C1(C)(C))c3cccc(Oc2ccccc2)c3	0	NA	0	VS	5.206	0.177	0	0
74	C131179	O=C(OCC=C)c1ccccc1(C(=O)OCC=C)	0	NA	0	TS	3.342	0.171	0	0
75	C23950585	O=C(NC(C#C)(C)C)c1cc(cc(c1)Cl)Cl	0	NA	0	VS	3.14	0.146	0	0
77	C2164092	O=C(Nc1ccc(c(c1)Cl)Cl)C(=C)C	4.94	3	1	TS	2.902	0.125	0	1
78	C99309	O=[N+]([O-])c1cc(c(N)c(c1)Cl)Cl	0	NA	0	TS	1.623	0.148	0	0
79	C609201	Nc1cc(c(N)c(c1)Cl)Cl	0	NA	0	TS	0.962	0.153	0	0
80	C612839	Nc1ccc(cc1Cl)c2ccc(N)c(c2)Cl	0	NA	0	TS	2.478	0.154	0	0
81	C120832	Oc1ccc(cc1Cl)Cl	0	NA	0	TS	1.06	0.135	0	0
82	C120365	O=C(O)C(Oc1ccc(cc1Cl)Cl)C	0	NA	0	VS	2.82	0.134	1	0
83	C6965715	O=C(O)C(Oc1cc(ccc1Cl)Cl)C	0	NA	0	TS	2.787	0.133	0	0
85	C94804	O=C(OCCCC)COc1ccc(cc1Cl)Cl	0	NA	0	TS	4.488	0.14	0	0
86	C94111	O=C(OC(C)C)COc1ccc(cc1Cl)Cl	0	NA	0	TS	3.917	0.144	0	0
87	C330541	O=C(Nc1ccc(c(c1)Cl)Cl)N(C)C	4.7	3	1	TS	2.902	0.125	0	1
88	C1212299	N(C(NC1CCCCC1)=S)C2CCCCC2	0	NA	0	TS	3.872	0.164	0	0
89	C2921882	n1c(OP(OCC)(OCC)=S)c(cc(c1Cl)Cl)Cl	0	NA	0	VS	2.989	0.173	0	0
90	C141059	O=C(OCC)C=CC(=O)OCC	4.3	3	1	TS	3.737	0.126	0	1
91	C60515	O=C(NC)CSP(OC)(OC)=S	0	NA	0	TS	3.06	0.097	0	0
92	C127195	O=C(N(C)C)C	0	NA	0	TS	1.521	0	0	0
93	C58151	O=C2C(=C(N(N2(c1ccccc1))C)C)N(C)C	0	NA	0	VS	2.199	0.21	0	0
94	C24448940	O=C1NC(=O)C(C(=O)N1)(C)C	0	NA	0	TS	0.981	0.141	0	0
96	C51285	O=[N+]([O-])c1ccc(O)c(c1)[N+](=O)[O-]	0	NA	0	TS	1.873	0.153	0	0
97	C121142	O=[N+]([O-])c1ccc(c(c1)[N+](=O)[O-])C	0	NA	0	VS	1.873	0.153	0	0
98	C147240	O(CCN(C)C)C(c1ccccc1)c2ccccc2	0	NA	0	TS	2.993	0.164	0	0
99	C86293	N#CC(c1ccccc1)c2ccccc2	0	NA	0	TS	2.451	0.193	0	0
100	C57410	O=C1NC(=O)C(N1)(c2ccccc2)c3ccccc3	0	NA	0	TS	1.935	0.22	0	0
102	C57636	C#CC3(O)(CCC2C4CCc1cc(O)ccc1C4(CCC23(C)))	0	NA	0	TS	1.949	0.205	0	0
103	C536334	n1ccc(cc1CC)C(N)=S	0	NA	0	TS	1.86	0.151	0	0
104	C150696	O=C(N)Nc1ccc(OCC)cc1	0	NA	0	TS	2.731	0.153	0	0
105	C103231	O=C(OCC(CC)CCCC)CCCCC(=O)OCC(CC)CCCC	0	NA	0	TS	8.016	0.133	0	0
106	C117817	O=C(OCC(CC)CCCC)c1ccccc1(C(=O)OCC(CC)CCCC)	0	NA	0	VS	5.828	0.161	0	0
107	C90493	O=C(N)NC(=O)C(c1ccccc1)CC	0	NA	0	TS	2.841	0.175	0	0
108	C102676313	N#Cc1ccc(cc1)C3n2cncc2CCC3	0	NA	0	TS	2.545	0.193	0	0
109	C55389	O(c1ccc(c(c1)C)SC)P(OC)(OC)=S	0	NA	0	TS	2.92	0.152	0	0
111	C98319267	O=C1C=CC4(C)(C(N1)CCC2C4(CCC3(C)(C(C(=O)NC(C)(C)C)CCC23)))	0	NA	0	TS	2.974	0.192	0	0
112	C86386734	Fc1ccc(c(F)c1)C(O)(Cn2ncnc2)Cn3ncnc3	0	NA	0	VS	2.33	0.186	0	0
113	C2164172	O=C(Nc1cccc(c1)C(F)(F)F)N(C)C	0	NA	0	VS	3.14	0.123	0	0
114	C363177	O=C(Nc2ccc3c1ccccc1Cc3(c2))C(F)(F)F	0	NA	0	TS	3.256	0.164	0	0
115	C324936	Fc1ccc(cc1)c2ccc(N)cc2	0	NA	0	TS	2.38	0.154	0	0
116	C93957541	O=C(O)CC(O)CC(O)C=Cc3c(c1ccc(F)cc1)c2ccccc2n3C(C)C	0	NA	0	VS	4.511	0.188	0	0
117	C54319	O=C(O)c2cc(c(cc2(NCc1occc1))Cl)S(=O)(=O)N	0	NA	0	TS	3.248	0.166	1	0
118	C25812300	O=C(O)C(C)(C)CCCOc1cc(ccc1C)C	4.44	3	1	TS	4.77	0.121	2	1
119	C548629	c1cc(ccc1C(c2ccc(cc2)N(C)C)=C3C=CC(C=C3)=[N+](C)C)N(C)C	0	NA	0	TS	2.561	0.163	0	0
120	C77065	O=C(O)C4C2C1(OC(=O)C2(C)(C(O)C=C1))C5CCC3(O)(C(=C)CC45(C3))	0	NA	0	TS	1.259	0.239	0	0
121	C4680788	O=S(=O)([O-])c1cccc(c1)C[N+](=C2C=CC(C=C2)=C(c3ccccc3)c4ccc(cc4)N(Cc5cccc(c5)S(=O)(=O)O)CC)CC	0	NA	0	TS	6.63	0.175	3	0
122	C126078	O=C3C=C(OC)C2(Oc1c(c(OC)cc(OC)c1Cl)C2(=O))C(C)C3	0	NA	0	TS	1.935	0.233	0	0
124	C608731	C1(C(C(C(C(C1Cl)Cl)Cl)Cl)Cl)Cl	0	NA	0	TS	0.873	0.166	0	0
126	C680319	O=P(N(C)C)(N(C)C)N(C)C	0	NA	0	TS	1.357	0.136	0	0
127	C148081725	Oc1c(cc(OCCCCCC)c(c1C)C)C	0	NA	0	TS	4.029	0.152	0	0
128	C136776	Oc1ccc(c(O)c1)CCCCCC	0	NA	0	TS	3.596	0.146	0	0
129	C58935	O=S(=O)(N)c1cc2c(cc1Cl)NCNS2(=O)(=O)	0	NA	0	TS	1.825	0.168	0	0
130	C1083574	O=C(Nc1ccc(OCC)cc1)CC(O)C	0	NA	0	TS	3.665	0.153	0	0
131	C148243	Oc1cccc2cccnc12	0	NA	0	VS	1.075	0.188	0	0
132	C87514	O=C(O)Cc2c[nH]c1ccccc12	0	NA	0	TS	2.209	0.184	0	0
133	C53861	O=C(O)Cc3c1cc(OC)ccc1n(C(=O)c2ccc(cc2)Cl)c3C	4.06	3	1	VS	2.867	0.191	2	1
134	C54853	O=C(NN)c1ccncc1	0	NA	0	TS	1.964	0.151	0	0
135	C3778732	O=P1(OCCCN1(CCCl))(NCCCl)	0	NA	0	TS	2.369	0.178	0	0
136	C101213	O=C(OC(C)C)Nc1cccc(c1)Cl	0	NA	0	TS	3.327	0.148	0	0
137	C122429	O=C(OC(C)C)Nc1ccccc1	0	NA	0	TS	3.267	0.147	0	0
138	C520183	O=C1C(O)=C(Oc2cc(O)cc(O)c12)c3ccc(O)cc3	0	NA	0	TS	2.431	0.194	0	0
139	C143500	O=C1C2(C3(C4(C1(C5(C2(C3(C(C45Cl)(Cl)Cl)Cl)Cl)Cl)Cl)Cl)Cl)Cl	0	NA	0	VS	0.58	0.308	0	0
140	C434139	O=C(O)CCC(C)C2CCC3C4CCC1CC(O)CCC1(C)C4(CCC23(C))	0	NA	0	TS	3.131	0.192	2	0
141	C75330755	O=C3OC(CCC2C(C=CC1=CC(C)CC(OC(=O)C(C)CC)C12)C)CC(O)C3	0	NA	0	TS	4.221	0.179	0	0
142	C1634782	O=C(OCC)CC(C(=O)OCC)SP(=O)(OC)OC	0	NA	0	TS	2.965	0.147	0	0
143	C71125387	O=C(N=C1NC=C(C)S1)C3C(=O)c2ccccc2S(=O)(=O)N3(C)	0	NA	0	TS	3.274	0.2	0	0
145	C72333	C#CC3(O)(CCC2C4CCc1cc(OC)ccc1C4(CCC23(C)))	0	NA	0	VS	2.113	0.204	0	0
146	C57396	O=P(N1CC1C)(N2CC2C)N3CC3C	0	NA	0	TS	1.602	0.164	0	0
147	C950378	O=C1N(N=C(OC)S1)CSP(OC)(OC)=S	0	NA	0	TS	3.49	0.144	0	0
148	C60560	C1=CN(C(N1)=S)C	0	NA	0	TS	0.918	0.124	0	0
149	C59052	O=C(O)CCC(NC(=O)c1ccc(cc1)N(C)Cc2nc3C(=N)NC(=N)Nc3(nc2))C(=O)O	0	NA	0	TS	6.278	0.164	2	0
150	C150765	Oc1ccc(OC)cc1	0	NA	0	TS	1.544	0.136	0	0
151	C298817	O=C1Oc2c(OC)c3occc3(cc2(C=C1))	0	NA	0	TS	1.341	0.215	0	0
152	C55801	N(=Nc1cccc(c1)C)c2ccc(cc2)N(C)C	0	NA	0	TS	4.063	0.15	0	0
153	C872504	O=C1N(C)CCC1	0	NA	0	TS	0.918	0.124	0	0
154	C41372081	O=C(O)C(N)(C)Cc1ccc(O)c(O)c1	0	NA	0	TS	2.882	0.118	0	0
155	C838880	Nc1ccc(cc1C)Cc2ccc(N)c(c2)C	0	NA	0	TS	3.219	0.151	0	0
156	C101611	c1cc(ccc1N(C)C)Cc2ccc(cc2)N(C)C	0	NA	0	TS	3.774	0.147	0	0
157	C119471	Oc1c(cc(cc1C(C)(C)C)C)Cc2cc(cc(c2(O))C(C)(C)C)C	0	NA	0	VS	3.688	0.171	0	0
158	C56042	O=C1C=C(NC(N1)=S)C	0	NA	0	TS	0.95	0.16	0	0
159	C443481	O=[N+]([O-])c1cnc(n1CCO)C	0	NA	0	TS	1.909	0.188	0	0
160	C90948	O=C(c1ccc(cc1)N(C)C)c2ccc(cc2)N(C)C	0	NA	0	VS	3.585	0.152	0	0
161	C315220	O=C1OC3CCN2CC=C(COC(=O)C(O)(C)C(O)(C)C1C)C23	0	NA	0	TS	1.569	0.179	0	0
162	C55981	O=S(=O)(OCCCCOS(=O)(=O)C)C	0	NA	0	TS	4.951	0.075	0	0
163	C389082	O=C(O)C1=CN(c2nc(ccc2(C1(=O)))C)CC	0	NA	0	VS	1.519	0.197	1	0
164	C86873	O=C(O)Cc2cccc1ccccc12	0	NA	0	TS	2.131	0.185	0	0
165	C2243621	Nc1cccc2c(N)cccc12	0	NA	0	TS	1.128	0.192	0	0
166	C93469	c1ccc2cc(ccc2(c1))Nc3ccc(cc3)Nc4ccc5ccccc5(c4)	0	NA	0	TS	5.295	0.185	0	0
167	C134327	Nc1cccc2ccccc12	0	NA	0	VS	1.075	0.188	0	0
168	C91598	Nc1ccc2ccccc2(c1)	0	NA	0	TS	1.207	0.177	0	0
169	C77191367	O=C(Nc1c(cccc1C)C)CN2C(=O)CCC2	0	NA	0	TS	3.902	0.173	0	0
170	C98920	O=C(N)c1cnccc1	0	NA	0	TS	1.659	0.139	0	0
171	C59676	O=C(O)c1cnccc1	0	NA	0	TS	1.659	0.139	0	0
172	C139139	O=C(O)CN(CC(=O)O)CC(=O)O	0	NA	0	TS	2.211	0.133	0	0
173	C99592	O=[N+]([O-])c1ccc(OC)c(N)c1	0	NA	0	TS	1.826	0.155	0	0
174	C59870	O=C(N)NN=Cc1oc(cc1)[N+](=O)[O-]	0	NA	0	VS	3.694	0.129	0	0
175	C2122863	O=C1OC(=NN1)c2oc(cc2)[N+](=O)[O-]	0	NA	0	TS	2.564	0.164	0	0
176	C5307142	O=[N+]([O-])c1cc(N)ccc1(N)	0	NA	0	VS	1.553	0.16	0	0
177	C99569	O=[N+]([O-])c1ccc(N)c(N)c1	0	NA	0	TS	1.696	0.135	0	0
178	C99558	O=[N+]([O-])c1ccc(c(N)c1)C	0	NA	0	VS	1.696	0.135	0	0
179	C602879	O=[N+]([O-])c3ccc2c1c3(cccc1CC2)	0	NA	0	TS	1.441	0.211	0	0
180	C100016	O=[N+]([O-])c1ccc(N)cc1	0	NA	0	TS	1.74	0.129	0	0
181	C91236	O=[N+]([O-])c1ccccc1(OC)	0	NA	0	TS	1.602	0.179	0	0
182	C619170	O=C(O)c1ccc(cc1(N))[N+](=O)[O-]	0	NA	0	TS	1.959	0.154	0	0
183	C94520	O=[N+]([O-])c1ccc2[nH]cnc2(c1)	0	NA	0	TS	1.723	0.168	0	0
184	C62237	O=C(O)c1ccc(cc1)[N+](=O)[O-]	0	NA	0	TS	2.113	0.132	0	0
185	C60599384	O=NN(CC(=O)C)CC(=O)C	0	NA	0	TS	2.612	0.135	0	0
186	C156105	O=Nc1ccc(cc1)Nc2ccccc2	0	NA	0	TS	3.115	0.16	0	0
187	C932832	O=NN1CCCCCC1	0	NA	0	TS	1.48	0.144	0	0
188	C1936158	O=S(=O)(O)c3cc2ccc(O)c(N=Nc1ccccc1)c2c(c3)S(=O)(=O)O	0	NA	0	TS	3.36	0.165	2	0
189	C23135220	O=C(ON=C(C(=O)N(C)C)SC)NC	0	NA	0	TS	3.356	0.122	0	0
190	C604751	O=C2Nc1ccc(cc1C(NC2(=O))c3ccccc3)Cl	0	NA	0	VS	2.015	0.185	0	0
191	C2058460	O=C(N)C3C(=O)C(N(C)C)C4C(O)C2C(C(=O)c1c(O)cccc1C2(O)(C))C(=O)C4(O)(C3(=O))	0	NA	0	TS	2.014	0.237	0	0
192	C56382	O=[N+]([O-])c1ccc(OP(OCC)(OCC)=S)cc1	0	NA	0	TS	3.325	0.164	0	0
193	C132989	O=C(O)C3N2C(=O)C(NC(=O)COc1ccccc1)C2SC3(C)(C)	0	NA	0	VS	4.725	0.192	0	0
195	C62442	O=C(Nc1ccc(OCC)cc1)C	0	NA	0	TS	2.731	0.153	0	0
196	C60800	O=C1C=C(N(N1c2ccccc2)C)C	0	NA	0	TS	2.067	0.197	0	0
197	C136403	N=C2NC(N)=CC=C2(N=Nc1ccccc1)	4.35	3	1	TS	3.59	0.158	0	1
198	C834286	N=C(N=C(N)NCCc1ccccc1)N	0	NA	0	TS	4.441	0.139	0	0
199	C57307	O=C2NC(=O)C(c1ccccc1)(C(=O)N2)CC	0	NA	0	TS	1.861	0.217	0	0
200	C77098	O=C3OC(c1ccc(O)cc1)(c2ccc(O)cc2)c4ccccc34	0	NA	0	TS	1.935	0.208	0	0
201	C92842	c1ccc3c(c1)Nc2ccccc2S3	0	NA	0	TS	1.443	0.195	0	0
202	C7227910	N(=NN(C)C)c1ccccc1	0	NA	0	TS	2.905	0.128	0	0
203	C89258	O=C1C=C(NN1c2ccccc2)C	0	NA	0	TS	2.113	0.188	0	0
204	C135886	c1ccc(cc1)Nc2ccc3ccccc3(c2)	0	NA	0	TS	3.08	0.179	0	0
205	C842079	Oc2ccc3ccccc3(c2(N=Nc1ccccc1))	0	NA	0	VS	3.491	0.184	0	0
206	C61767	Oc1cccc(c1)C(O)CNC	0	NA	0	TS	2.414	0.161	0	0
207	C90437	Oc1ccccc1c2ccccc2	0	NA	0	TS	2.096	0.183	0	0
208	C92693	Oc1ccc(cc1)c2ccccc2	0	NA	0	TS	2.241	0.164	0	0
209	C1918021	O=C(O)C=1NC(=C(C(=N)C=1Cl)Cl)Cl	0	NA	0	TS	1.502	0.168	0	0
210	C55268741	O=C4N2CCc1ccccc1C2CN(C(=O)C3CCCCC3)C4	0	NA	0	VS	2.975	0.199	0	0
211	C50248	O=C4C=CC2(C(=CCC1C3CCC(O)(C(=O)CO)C3(C)(CC(O)C12))C4)(C)	0	NA	0	VS	2.111	0.215	0	0
212	C53032	O=C4C=CC3(C(=CCC2C3(C(=O)CC1(C)(C2(CCC1(O)(C(=O)CO)))))C4)(C)	0	NA	0	TS	2.111	0.215	0	0
213	C57669	O=C(O)c1ccc(cc1)S(=O)(=O)N(CCC)CCC	0	NA	0	TS	3.06	0.169	0	0
214	C671169	O=C(NC(C)C)c1ccc(cc1)CNNC	0	NA	0	TS	3.392	0.148	0	0
215	C58333	c1ccc3c(c1)N(c2ccccc2S3)CC(N(C)C)C	0	NA	0	VS	2.421	0.183	0	0
216	C139402	N=1C(=NC(C)C)NC(=NC(C)C)NC=1Cl	0	NA	0	TS	2.657	0.156	0	0
217	C1114712	O=C(N(CC)CCCC)SCCC	0	NA	0	TS	3.205	0.145	0	0
219	C51525	O=C1C=C(NC(N1)=S)CCC	0	NA	0	TS	1.945	0.172	0	0
220	C81549	O=C1C(=O)CC(=O)c2c(O)c3ccccc3(c(O)c12)	0	NA	0	TS	1.407	0.222	0	0
221	C98964	O=C(N)c1nccnc1	0	NA	0	TS	1.659	0.139	0	0
222	C58140	N=C2NC(=N)C(c1ccc(cc1)Cl)=C(N2)CC	0	NA	0	TS	2.248	0.193	0	0
223	C117395	O=C1C(O)=C(Oc2cc(O)cc(O)c12)c3ccc(O)c(O)c3	0	NA	0	TS	2.559	0.192	0	0
224	C2871014	O=CCNc1ccc(N)cc1[NH+]([O-])O	0	NA	0	TS	2.338	0.167	0	0
226	C108463	Oc1cccc(O)c1	0	NA	0	TS	1.069	0.139	0	0
227	C989388	O=C(OCC)c1ccccc1c3c4cc(c(cc4([o+]c2cc(NCC)c(cc23)C))NCC)C	0	NA	0	TS	2.631	0.206	0	0
228	C13292461	O=C1N=C4C(O)=C5C(O)=C(C=2OC(OC=CC(OC)C(C)C(OC(=O)C)C(C)C(O)C(C)C(O)C(C=CC=C1C)C)(C(=O)C=2C5(=C(O)C4(=CNN3CCN(C)CC3)))C)C	0	NA	0	TS	3.487	0.185	0	0
229	C569619	N=C1C=CC(C=C1)=C(c2ccc(N)cc2)c3ccc(N)cc3	0	NA	0	VS	2.11	0.172	0	0
230	C83794	O=C3c5ccc1OC(C(=C)C)Cc1c5(OC4COc2cc(OC)c(OC)cc2C34)	0	NA	0	TS	2.644	0.211	0	0
231	C81072	O=C1NS(=O)(=O)c2ccccc12	0	NA	0	TS	1.037	0.199	0	0
232	C599791	O=C(O)c3cc(N=Nc1ccc(cc1)S(=O)(=O)N=C2C=CC=CN2)ccc3(O)	0	NA	0	TS	5.597	0.165	2	0
233	C122349	N=1C(=NCC)NC(=NCC)NC=1Cl	0	NA	0	TS	2.211	0.179	0	0
234	C110441	O=C(O)C=CC=CC	0	NA	0	TS	2.999	0.087	0	0
235	C57681	O=S(=O)(N=C1N=C(C=C(N1)C)C)c2ccc(N)cc2	0	NA	0	VS	3.45	0.16	0	0
236	C127695	O=S(=O)(N=C1ONC(=C1C)C)c2ccc(N)cc2	0	NA	0	TS	3.309	0.155	0	0
237	C27470515	O=C(O)CCC(=O)OCC2(C(=O)N(c1ccccc1)N(C2(=O))c3ccccc3)CCCC	0	NA	0	TS	3.548	0.187	1	0
238	C569573	O(c1ccc(cc1)C(c2ccc(OC)cc2)=C(c3ccc(OC)cc3)Cl)C	0	NA	0	TS	2.967	0.178	0	0
240	C37076689	O=C1NC(=O)N(C=C1(F))C2OCCC2	0	NA	0	TS	2.001	0.179	0	0
241	C732263	Oc1c(cc(cc1C(C)(C)C)C(C)(C)C)C(C)(C)C	0	NA	0	VS	1.648	0.138	0	0
242	C15721025	Nc1cc(c(cc1Cl)c2cc(c(N)cc2Cl)Cl)Cl	0	NA	0	TS	2.378	0.175	0	0
243	C116290	O=S(=O)(c1ccc(cc1)Cl)c2cc(c(cc2Cl)Cl)Cl	0	NA	0	TS	2.764	0.168	0	0
244	C97778	C(N(CC)CC)(=S)SSC(N(CC)CC)=S	0	NA	0	TS	4.109	0.153	0	0
245	C137268	C(N(C)C)(=S)SSC(N(C)C)=S	0	NA	0	TS	3.444	0.073	0	0
246	C58559	O=C2c1[nH]cnc1N(C(=O)N2C)C	0	NA	0	VS	0.979	0.198	0	0
247	C148798	n1cscc1c2nc3ccccc3([nH]2)	0	NA	0	VS	2.183	0.193	0	0
248	C52244	N1(CC1)P(N2CC2)(N3CC3)=S	0	NA	0	TS	1.357	0.155	0	0
250	C139651	Nc1ccc(cc1)Sc2ccc(N)cc2	0	NA	0	TS	3.095	0.148	0	0
251	C141902	O=C1C=CNC(N1)=S	0	NA	0	TS	1.069	0.139	0	0
252	C52225204	O=C(Oc2c(c(c1OC(C)(CCc1c2C)CCCC(C)CCCC(C)CCCC(C)C)C)C)C	0	NA	0	TS	7.644	0.154	0	0
253	C1156190	O=C(NN1CCCCCC1)NS(=O)(=O)c2ccc(cc2)C	0	NA	0	VS	4.468	0.156	0	0
254	C64777	O=C(NCCCC)NS(=O)(=O)c1ccc(cc1)C	0	NA	0	TS	4.091	0.142	0	0
255	C88197	O=S(=O)(N)c1ccccc1C	0	NA	0	TS	1.661	0.153	0	0
257	C89778278	O(c1ccc(cc1)C(c2ccccc2)=C(c3ccccc3)CCCl)CCN(C)C	0	NA	0	TS	3.836	0.18	0	0
258	C76255	O=C5C=CC3(C(=CCC2C4CC1OC(OC1(C(=O)CO)C4(C)(CC(O)C23(F)))(C)C)C5)(C)	0	NA	0	TS	2.06	0.228	0	0
259	C538238	O=C(OCC(OC(=O)CCCCCCC)COC(=O)CCCCCCC)CCCCCCC	0	NA	0	TS	5.632	0.125	0	0
260	C88062	Oc1c(cc(cc1Cl)Cl)Cl	4.85	3	1	VS	0.962	0.153	0	1
261	C93765	O=C(O)COc1cc(c(cc1Cl)Cl)Cl	0	NA	0	VS	2.773	0.139	1	0
262	C52686	O=P(OC)(OC)C(O)C(Cl)(Cl)Cl	0	NA	0	TS	2.061	0.129	0	0
263	C1330785	O=P(Oc1ccc(cc1)C)(Oc2ccc(cc2)C)Oc3ccc(cc3)C	0	NA	0	TS	2.893	0.158	0	0
264	C112276	OCCOCCOCCO	0	NA	0	VS	4.086	0.106	0	0
265	C2489772	N(C(N(C)C)=S)C	0	NA	0	TS	1.776	0.06	0	0
266	C81152	O=[N+]([O-])c1c(c(c(c(c1C)[N+](=O)[O-])C(C)(C)C)[N+](=O)[O-])C	0	NA	0	VS	1.406	0.211	0	0
267	C115968	O=P(OCCCl)(OCCCl)OCCCl	0	NA	0	TS	2.369	0.143	0	0
268	C126727	O=P(OCC(CBr)Br)(OCC(CBr)Br)OCC(CBr)Br	0	NA	0	TS	3.036	0.103	0	0
269	C78422	O=P(OCC(CC)CCCC)(OCC(CC)CCCC)OCC(CC)CCCC	0	NA	0	TS	3.847	0.138	0	0
270	C73223	O=C(O)C(N)Cc2c[nH]c1ccccc12	0	NA	0	TS	2.834	0.162	1	0
271	C17924924	O=C1OC(C)CCCC(=O)CCC=CCc2cc(O)cc(O)c12	0	NA	0	TS	1.965	0.172	0	0
272	C304289	O=C(Nc2ccc3c1ccc(cc1Cc3(c2))NC(=O)C)C	0	NA	0	TS	2.901	0.18	0	0
273	C121915	O=C(O)c1cccc(c1)C(=O)O	0	NA	0	TS	2.011	0.142	0	0
274	C528449	O=C(O)c1ccc(C(=O)O)c(c1)C(=O)O	0	NA	0	VS	1.751	0.163	0	0
275	C110178	O=C(O)C=CC(=O)O	0	NA	0	TS	2.682	0.075	0	0
276	C728405	O=[N+]([O-])c1cc(c(O)c(c1)C(C)(C)C)C(C)(C)C	0	NA	0	TS	1.726	0.149	0	0
277	C143077	O=C(O)CCCCCCCCCCC	0	NA	0	TS	5.588	0.103	1	0
278	C57103	O=C(O)CCCCCCCCCCCCCCC	4.69	3	1	TS	7.244	0.108	1	1
279	C10030736	O=C(O)CCCCCCCC=CCCCCCC	4.36	3	1	VS	7.244	0.108	1	1
280	C124049	O=C(O)CCCCC(=O)O	0	NA	0	TS	3.677	0.082	0	0
281	C99047	O=C(O)c1cccc(c1)C	0	NA	0	TS	1.686	0.143	0	0
282	C1917153	O=C(O)c1oc(cc1)C	0	NA	0	TS	1.709	0.142	0	0
283	C123999	O=C(O)CCCCCCCC(=O)O	0	NA	0	VS	5.039	0.092	2	0
284	C57114	O=C(O)CCCCCCCCCCCCCCCCC	0	NA	0	VS	8.066	0.109	1	0
285	C544638	O=C(O)CCCCCCCCCCCCC	4.65	3	1	TS	6.419	0.106	1	1
286	C505522	O=C(O)CCCCCCCCCCCC(=O)O	0	NA	0	TS	6.754	0.1	2	0
288	C59507	Oc1ccc(c(c1)C)Cl	0	NA	0	TS	1.06	0.135	0	0
290	C65452	O=C(N)c1ccccc1(O)	0	NA	0	VS	1.563	0.16	0	0
291	C77714	O=C1NC(=O)C(N1)(C)C	0	NA	0	TS	0.995	0.144	0	0
292	C78513	O=P(OCCOCCCC)(OCCOCCCC)OCCOCCCC	0	NA	0	TS	4.518	0.124	0	0
293	C79776	O=C(C=CC1=C(C)CCCC1(C)C)C	0	NA	0	TS	2.639	0.145	0	0
294	C79958	Oc1c(cc(cc1Cl)C(c2cc(c(O)c(c2)Cl)Cl)(C)C)Cl	0	NA	0	TS	2.978	0.163	0	0
295	C80466	Oc1ccc(cc1)C(C)(C)CC	0	NA	0	TS	2.01	0.129	0	0
296	C84628	O=C(Oc1ccccc1)c3ccccc3(C(=O)Oc2ccccc2)	0	NA	0	TS	4.39	0.181	0	0
297	C84742	O=C(OCCCC)c1ccccc1(C(=O)OCCCC)	0	NA	0	TS	4.023	0.162	0	0
298	C87172	O=C(Nc1ccccc1)c2ccccc2(O)	0	NA	0	TS	3.309	0.173	0	0
299	C88302	O=[N+]([O-])c1ccc(O)cc1C(F)(F)F	0	NA	0	TS	1.679	0.161	0	0
300	C90153	Oc1cccc2ccccc12	0	NA	0	TS	1.075	0.188	0	0
301	C90471	O=C1c3ccccc3(Oc2ccccc12)	0	NA	0	VS	1.346	0.208	0	0
302	C91656	N(CC)(CC)C1CCCCC1	0	NA	0	TS	2.002	0.176	0	0
303	C91883	OCCN(c1cccc(c1)C)CC	0	NA	0	TS	2.306	0.178	0	0
304	C94097	O=C(OCC)c1ccc(N)cc1	0	NA	0	TS	2.45	0.15	0	0
305	C94622	O=C(C=CC=Cc1ccc2OCOc2(c1))N3CCCCC3	0	NA	0	VS	5.544	0.172	0	0
307	C100027	O=[N+]([O-])c1ccc(O)cc1	0	NA	0	TS	1.74	0.129	0	0
308	C100107	O=Cc1ccc(cc1)N(C)C	0	NA	0	TS	1.951	0.139	0	0
309	C104132	Nc1ccc(cc1)CCCC	4.46	3	1	TS	2.612	0.138	0	1
310	C114261	O=C(Oc1ccccc1(OC(C)C))NC	0	NA	0	TS	2.809	0.155	0	0
311	C115866	O=P(Oc1ccccc1)(Oc2ccccc2)Oc3ccccc3	0	NA	0	TS	2.694	0.173	0	0
312	C115902	O=S(c1ccc(OP(OCC)(OCC)=S)cc1)C	0	NA	0	VS	3.325	0.164	0	0
313	C117840	O=C(OCCCCCCCC)c1ccccc1(C(=O)OCCCCCCCC)	0	NA	0	TS	6.968	0.15	0	0
315	C119619	O=C(c1ccccc1)c2ccccc2	0	NA	0	TS	2.627	0.174	0	0
316	C120070	OCCN(c1ccccc1)CCO	0	NA	0	TS	2.202	0.184	0	0
317	C121324	O=Cc1ccc(O)c(OCC)c1	0	NA	0	VS	1.945	0.169	0	0
318	C121335	O=Cc1ccc(O)c(OC)c1	0	NA	0	TS	1.568	0.166	0	0
319	C122394	c1ccc(cc1)Nc2ccccc2	0	NA	0	TS	2.829	0.164	0	0
320	C122996	OCCOc1ccccc1	0	NA	0	TS	2.593	0.147	0	0
321	C124221	NCCCCCCCCCCCC	0	NA	0	TS	5.294	0.11	0	0
322	C134623	O=C(c1cccc(c1)C)N(CC)CC	0	NA	0	TS	2.585	0.173	0	0
323	C143168	N(CCCCCC)CCCCCC	0	NA	0	TS	5.294	0.11	0	0
324	C314409	O=C1NC(=C(C(=O)N1C(C)CC)Br)C	0	NA	0	VS	1.772	0.185	0	0
325	C499832	O=C(O)c1nc(ccc1)C(=O)O	0	NA	0	TS	2.011	0.142	0	0
326	C525826	O=C1C=C(Oc2ccccc12)c3ccccc3	0	NA	0	TS	2.299	0.193	0	0
327	C534521	O=[N+]([O-])c1cc(c(O)c(c1)C)[N+](=O)[O-]	0	NA	0	TS	1.74	0.16	0	0
328	C614802	O=C(Nc1ccccc1(O))C	0	NA	0	TS	2.209	0.152	0	0
329	C616864	O=[N+]([O-])c1cc(OCC)ccc1(N)	0	NA	0	TS	2.079	0.169	0	0
330	C709988	O=C(Nc1ccc(c(c1)Cl)Cl)CC	0	NA	0	TS	2.652	0.136	0	0
331	C791286	O=P(c1ccccc1)(c2ccccc2)c3ccccc3	0	NA	0	TS	1.839	0.203	0	0
332	C831823	Oc2ccc(Oc1ccccc1)cc2	0	NA	0	TS	2.952	0.155	0	0
333	C1689834	N#Cc1cc(c(O)c(c1)I)I	5.12	3	1	TS	1.386	0.158	0	1
335	C1745819	Oc1ccccc1CC=C	0	NA	0	TS	1.917	0.166	0	0
336	C2008584	O=C(N)c1c(cccc1Cl)Cl	0	NA	0	TS	1.458	0.182	0	0
337	C2032599	O=C(Oc1ccc(c(c1)C)N(C)C)NC	0	NA	0	VS	2.785	0.152	0	0
338	C2104645	O=[N+]([O-])c2ccc(OP(OCC)(c1ccccc1)=S)cc2	0	NA	0	VS	3.431	0.173	0	0
339	C2455245	O=C(OCC1OCCC1)C(=C)C	0	NA	0	VS	3.351	0.116	0	0
340	C4460860	O=Cc1cc(OC)c(OC)cc1(OC)	0	NA	0	TS	1.443	0.202	0	0
341	C10453868	O=C(OCc1coc(c1)Cc2ccccc2)C3C(C=C(C)C)C3(C)(C)	0	NA	0	TS	5.665	0.17	0	0
342	C13071799	O(CC)P(OCC)(=S)SCSC(C)(C)C	0	NA	0	TS	3.592	0.127	0	0
343	C15972608	O=C(N(c1c(cccc1CC)CC)COC)CCl	0	NA	0	TS	2.202	0.21	0	0
344	C16752775	O=C(ON=C(C)SC)NC	0	NA	0	TS	3.132	0.085	0	0
345	C24544045	Nc1c(cccc1C(C)C)C(C)C	0	NA	0	TS	1.856	0.173	0	0
346	C39905572	O(c1ccc(N)cc1)CCCCCC	0	NA	0	TS	4.243	0.131	0	0
348	C486668	O=C1C(=COc2cc(O)ccc12)c3ccc(O)cc3	0	NA	0	TS	2.52	0.184	0	0
349	C485723	O=C1c3ccc(O)cc3(OC=C1c2ccc(OC)cc2)	0	NA	0	VS	2.745	0.186	0	0
351	C58720	c1ccc(cc1)C=C(c2ccccc2)c3ccccc3	0	NA	0	TS	2.655	0.183	0	0
352	C2971360	Oc1ccc(cc1)C(c2ccc(O)cc2)C(Cl)(Cl)Cl	0	NA	0	TS	2.444	0.168	0	0
353	C89725	Oc1ccccc1C(C)CC	0	NA	0	TS	1.887	0.166	0	0
354	C1610180	N=1C(=NC(C)C)NC(=NC(C)C)NC=1OC	0	NA	0	TS	2.491	0.159	0	0
356	C140669	Oc1ccc(cc1)C(C)(C)CC(C)(C)C	0	NA	0	VS	2.74	0.14	0	0
357	C521186	O=C1CCC3(C)(C(C1)CCC2C4CCC(O)C4(C)(CCC23))	0	NA	0	TS	1.746	0.203	0	0
358	C50271	Oc1ccc2c(c1)CCC3C2CCC4(C)(C(O)C(O)CC34)	0	NA	0	TS	1.845	0.206	0	0
359	C53167	O=C2CCC3C4CCc1cc(O)ccc1C4(CCC23(C))	0	NA	0	TS	1.787	0.203	0	0
360	C57830	O=C(C)C2CCC3C4CC=C1CC(=O)CCC1(C)C4(CCC23(C))	0	NA	0	TS	2.009	0.209	0	0
361	C57910	Oc1ccc2c(c1)CCC3C2CCC4(C)(C(O)CCC34)	0	NA	0	TS	1.787	0.203	0	0
362	C84162	Oc1ccc(cc1)C(CC)C(c2ccc(O)cc2)CC	0	NA	0	TS	3.083	0.186	0	0
363	C520365	O=C1C=C(Oc2cc(O)cc(O)c12)c3ccc(O)cc3	0	NA	0	TS	2.547	0.19	0	0
364	C491805	O=C1C(=COc2cc(O)cc(O)c12)c3ccc(OC)cc3	5.14	3	1	VS	2.749	0.196	0	1
365	C480400	O=C1C=C(Oc2cc(O)cc(O)c12)c3ccccc3	0	NA	0	TS	2.346	0.199	0	0
366	C131577	O=C(c1ccccc1)c2ccc(OC)cc2(O)	0	NA	0	TS	2.847	0.18	0	0
367	C131566	O=C(c1ccccc1)c2ccc(O)cc2(O)	3.79	3	1	TS	2.723	0.178	0	1
368	C143748	O=S4(=O)(OC(c1ccc(O)cc1)(c2ccc(O)cc2)c3ccccc34)	0	NA	0	TS	1.857	0.205	0	0
369	C80091	O=S(=O)(c1ccc(O)cc1)c2ccc(O)cc2	0	NA	0	VS	2.731	0.154	0	0
370	C118821	Oc1c(cc(cc1C(C)(C)C)Cc2cc(c(O)c(c2)C(C)(C)C)C(C)(C)C)C(C)(C)C	0	NA	0	VS	3.879	0.16	0	0
371	C73314	O=C(NCCc2c[nH]c1ccc(OC)cc12)C	0	NA	0	TS	3.431	0.163	0	0
372	C126001	O=C(O)CCC(c1ccc(O)cc1)(c2ccc(O)cc2)C	0	NA	0	TS	2.211	0.156	0	0
374	C81903	O=C(O)c1ccccc1C(c2ccc(O)cc2)c3ccc(O)cc3	0	NA	0	TS	2.309	0.184	0	0
375	C77407	Oc1ccc(cc1)C(c2ccc(O)cc2)(C)CC	0	NA	0	VS	2.579	0.169	0	0
376	C620928	Oc1ccc(cc1)Cc2ccc(O)cc2	0	NA	0	TS	3.095	0.148	0	0
377	C2467029	Oc1ccccc1Cc2ccccc2(O)	0	NA	0	TS	2.863	0.166	0	0
378	C51218452	O=C(N(c1c(cccc1CC)C)C(C)COC)CCl	0	NA	0	VS	2.331	0.205	0	0
379	C50226	O=C3CC2=CCC1C4CCC(C(=O)CO)C4(C)(CC(O)C1C2(C)CC3)	0	NA	0	TS	2.112	0.217	0	0
380	C140103	O=C(O)C=Cc1ccccc1	0	NA	0	TS	2.905	0.128	0	0
381	C59303	O=C(O)CCC(NC(=O)c1ccc(cc1)NCc2nc3C(=O)NC(=N)Nc3(nc2))C(=O)O	0	NA	0	VS	6.452	0.161	2	0
382	C103366	O=C(OCC)C=Cc1ccccc1	0	NA	0	TS	3.592	0.142	0	0
383	C28553120	O=C(OCCC(C)CC(C)(C)C)c1ccccc1(C(=O)OCCC(C)CC(C)(C)C)	0	NA	0	VS	6.896	0.146	0	0
384	C84695	O=C(OCC(C)C)c1ccccc1(C(=O)OCC(C)C)	0	NA	0	TS	3.873	0.148	0	0
385	C1085127	O=C(OCCCCCCC)c1ccc(O)cc1	0	NA	0	TS	5.029	0.134	0	0
386	C50351	O=C3NC(=O)C(N2C(=O)c1ccccc1C2(=O))CC3	0	NA	0	VS	2.341	0.212	0	0
388	C94188	O=C(OCc1ccccc1)c2ccc(O)cc2	0	NA	0	TS	4.045	0.15	0	0
389	C94133	O=C(OCCC)c1ccc(O)cc1	0	NA	0	VS	2.93	0.142	0	0
390	C120478	O=C(OCC)c1ccc(O)cc1	0	NA	0	TS	2.45	0.15	0	0
391	C99763	O=C(OC)c1ccc(O)cc1	0	NA	0	TS	2.041	0.14	0	0
392	C599644	Oc1ccc(cc1)C(c2ccccc2)(C)C	0	NA	0	TS	2.589	0.164	0	0
393	C59665	O=C(N=C1NN=C(S1)S(=O)(=O)N)C	0	NA	0	VS	2.654	0.132	0	0
394	C73245	N=C1NC=Nc2[nH]cnc12	0	NA	0	TS	0.973	0.19	0	0
395	C54965218	O=C(N=C1Nc2ccc(cc2(N1))SCCC)OC	0	NA	0	TS	3.23	0.163	0	0
396	C125848	O=C2NC(=O)C(c1ccc(N)cc1)(CC)CC2	0	NA	0	TS	2.103	0.187	0	0
397	C120511731	N#CC(c1cc(cc(c1)C(C#N)(C)C)Cn2ncnc2)(C)C	0	NA	0	TS	2.622	0.147	0	0
398	C378449	O=C4C=CC2(C(=CCC1C3CC(C)C(O)(C(=O)CO)C3(C)(CC(O)C12(F)))C4)(C)	0	NA	0	TS	2.028	0.222	0	0
399	C90357065	N#Cc1ccc(cc1C(F)(F)F)NC(=O)C(O)(C)CS(=O)(=O)c2ccc(F)cc2	0	NA	0	TS	5.317	0.158	0	0
400	C58855	O=C1NC2CSC(CCCCC(=O)O)C2(N1)	0	NA	0	VS	4.01	0.164	0	0
401	C298464	O=C(N)N2c3ccccc3(C=Cc1ccccc12)	0	NA	0	TS	1.264	0.211	0	0
402	C339435	O=C(NCCCC)NS(=O)(=O)c1ccc(N)cc1	0	NA	0	TS	4.091	0.142	0	0
403	C169590425	O=S(=O)(N)c1ccc(cc1)n3nc(cc3(c2ccc(cc2)C))C(F)(F)F	0	NA	0	TS	3.084	0.151	0	0
404	C80773	O=C2N(C)C(c1ccc(cc1)Cl)S(=O)(=O)CC2	0	NA	0	TS	2.191	0.177	0	0
405	C1260179	O=C(O)c2c(O)cc1c(O)c3c(O)c(O)c(c(O)c3(c(O)c1c2C))C4OC(CO)C(O)C(O)C4(=O)	0	NA	0	VS	3.059	0.224	1	0
407	C53065	O=C4CC3=CCC2C(C(=O)CC1(C)(C2(CCC1(O)(C(=O)CO))))C3(C)CC4	0	NA	0	TS	2.111	0.215	0	0
409	C737315	O=C(O)c1c(c(NC(=O)C)c(c(NC(=O)C)c1I)I)I	0	NA	0	TS	2.006	0.191	0	0
410	C69655056	O=C3NC=Nc1c3(ncn1C2OC(CO)CC2)	0	NA	0	TS	2.524	0.198	0	0
413	C313064	O=C(OC2CCC3C4CCc1cc(O)ccc1C4(CCC23(C)))CCC5CCCC5	0	NA	0	TS	4.435	0.194	0	0
414	C434037	O=C4CC3=CCC2C(CCC1(C)(C2(CCC1(O)(C#C))))C3(C)CC4	0	NA	0	TS	1.923	0.204	0	0
415	C33419420	O=C5OCC6C(OC1OC2COC(OC2(C(O)C1(O)))C)c3cc7OCOc7(cc3C(c4cc(OC)c(O)c(OC)c4)C56)	0	NA	0	TS	3.66	0.212	0	0
416	C76824356	O=S(=O)(N)NC(=N)CCSCC1=CSC(=NC(=N)N)N1	0	NA	0	TS	5.796	0.138	0	0
417	C25451154	O=C(OCC(c1ccccc1)COC(=O)N)N	0	NA	0	VS	2.681	0.135	0	0
418	C530789	O=C(O)c2ccccc2(Nc1cccc(c1)C(F)(F)F)	4.87	3	1	TS	3.558	0.161	1	1
419	C93141	OCC(O)COc1ccccc1(OC)	0	NA	0	TS	3.185	0.15	0	0
420	C96833	O=C(O)C(Cc1c(cc(c(N)c1I)I)I)CC	4.37	3	1	TS	2.778	0.166	1	1
421	C50215	O=C(C)C(O)O	0	NA	0	TS	1.521	0	0	0
422	C134678174	O=C1NC(=N)C=CN1C2OC(CO)SC2	0	NA	0	VS	2.438	0.179	0	0
423	C75706126	O=C(Nc1ccc(cc1)C(F)(F)F)c2cnoc2C	0	NA	0	TS	3.839	0.154	0	0
424	C51489	O=C(O)C(N)Cc2cc(c(Oc1cc(c(O)c(c1)I)I)c(c2)I)I	0	NA	0	TS	4.007	0.158	0	0
425	C79794755	O=C(OCC)N4CCC(=C2c1ncccc1CCc3cc(ccc23)Cl)CC4	0	NA	0	TS	3.102	0.196	0	0
426	C69658	OCC(O)C(O)C(O)C(O)CO	0	NA	0	TS	2.666	0.131	0	0
427	C61687	O=C(O)c2ccccc2(Nc1cccc(c1C)C)	4.91	3	1	TS	3.114	0.173	2	1
428	C6284408	OCC(O)C(O)C(O)C(O)CNC	0	NA	0	TS	2.971	0.141	0	0
429	C61734	n2c1ccc(cc1[s+]c3cc(ccc23)N(C)C)N(C)C	0	NA	0	VS	2.378	0.169	0	0
430	C83432	O=C4C=CC2(C(=C(C)CC1C3CCC(O)(C(=O)CO)C3(C)(CC(O)C12))C4)(C)	0	NA	0	TS	2.084	0.219	0	0
431	C84371653	O=C5CC1=C(C3=C(CC1)C4CCC(O)(C#CC)C4(C)(CC3(c2ccc(cc2)N(C)C)))CC5	0	NA	0	TS	2.405	0.201	0	0
432	C78415722	N#CC2=CC(c1ccncc1)=C(NC2(=O))C	0	NA	0	TS	2.223	0.187	0	0
433	C76963412	O=[N+]([O-])CC(=NC)NCCSCc1nc(CN(C)C)sc1	0	NA	0	TS	6.162	0.149	0	0
434	C24526645	Nc1cccc3c1CN(C)CC3(c2ccccc2)	0	NA	0	TS	2.119	0.201	0	0
435	C68224	O=C4CC3=CCC2C(CCC1(C)(C2(CCC1(O)(C#C))))C3CC4	0	NA	0	TS	1.949	0.205	0	0
436	C78115	O=[N+]([O-])OCC(CO[N+](=O)[O-])(CO[N+](=O)[O-])CO[N+](=O)[O-]	0	NA	0	VS	2.17	0.114	0	0
437	C67436	O=C(O)CN(CC(=O)O)CCN(CC(=O)O)CCN(CC(=O)O)CC(=O)O	0	NA	0	TS	5.128	0.139	0	0
438	C57476	O=C(Oc1ccc2c(c1)C3(C)(CCN(C)C3(N2C)))NC	0	NA	0	TS	2.588	0.203	0	0
439	C2062784	O=C2Nc1ccccc1N2C5CCN(CCCC(c3ccc(F)cc3)c4ccc(F)cc4)CC5	0	NA	0	VS	6.056	0.188	0	0
440	C125337	O=C2NCNC(=O)C2(c1ccccc1)CC	0	NA	0	TS	1.833	0.217	0	0
441	C50340	O=C(OCC[N+](C)(C(C)C)C(C)C)C2c3ccccc3(Oc1ccccc12)	0	NA	0	TS	4.768	0.184	0	0
442	C162011907	O=S(=O)(c1ccc(cc1)c3coc(O)c3(c2ccccc2))C	0	NA	0	TS	3.28	0.177	0	0
444	C57249	O=C2N6c1ccccc1C57(CCN4CC3=CCOC(C2)C(C3CC45)C67)	0	NA	0	TS	0.951	0.252	0	0
445	C110156	O=C(O)CCC(=O)O	0	NA	0	TS	2.682	0.075	0	0
446	C63741	O=S(=O)(N)c1ccc(N)cc1	0	NA	0	TS	1.833	0.118	0	0
447	C38194502	O=C(O)CC=2c3cc(F)ccc3(C(=Cc1ccc(cc1)S(=O)C)C=2C)	0	NA	0	TS	3.48	0.181	2	0
448	C154427	N=C2Nc1nc[nH]c1C(N2)=S	0	NA	0	TS	1.033	0.194	0	0
449	C134308137	O=C(c1ccc(cc1)C)c2cc(O)c(O)c(c2)[N+](=O)[O-]	0	NA	0	TS	3.087	0.169	0	0
450	C97240794	O=S(=O)(OCC23(OCC1OC(OC1C3(OC(O2)(C)C))(C)C))N	0	NA	0	TS	2.493	0.168	0	0
451	C13647353	N#CC2C(=O)C5OC35(CCC1C4CCC(O)C4(C)(CCC1C3(C)(C2)))	0	NA	0	TS	1.855	0.216	0	0
452	C97322877	O=C4NC(O)=C(Cc3ccc(OCC2(Oc1c(c(c(O)c(c1CC2)C)C)C)(C))cc3)S4	0	NA	0	TS	5.638	0.18	0	0
453	C77861	OCC(N)(CO)CO	0	NA	0	VS	1.309	0.083	0	0
454	C99661	O=C(O)C(CCC)CCC	0	NA	0	TS	2.02	0.151	0	0
455	C81812	O=C1Oc3ccccc3(C(O)=C1C(c2ccccc2)CC(=O)C)	0	NA	0	TS	2.541	0.201	0	0
456	C111406872	O=C(N)N(O)C(c2cc1ccccc1s2)C	0	NA	0	TS	2.798	0.166	0	0
458	C538750	C(=NC1CCCCC1)=NC2CCCCC2	0	NA	0	TS	4.13	0.155	0	0
459	C3056175	O=C1NC(=O)N(C=C1C)C2OC(C=C2)CO	0	NA	0	TS	2.443	0.176	0	0
460	C30560191	O=C(NP(=O)(OC)SC)C	0	NA	0	TS	2.108	0.126	0	0
461	C34256821	O=C(N(c1c(cccc1CC)C)COCC)CCl	0	NA	0	TS	2.359	0.193	0	0
462	C1646884	O=C(ON=CC(C)(C)S(=O)(=O)C)NC	0	NA	0	TS	3.756	0.072	0	0
463	C67485294	FC(F)(F)c3ccc(C=CC(=NNC1=NCC(C)(C)CN1)C=Cc2ccc(cc2)C(F)(F)F)cc3	0	NA	0	TS	4.762	0.132	0	0
464	C834128	N=1C(=NC(C)C)NC(=NCC)NC=1SC	0	NA	0	TS	2.315	0.169	0	0
466	C90040	O(c1ccccc1(N))C	0	NA	0	VS	1.358	0.159	0	0
467	C74115245	n1nc(nnc1c2ccccc2Cl)c3ccccc3Cl	0	NA	0	TS	3.242	0.187	0	0
468	C76578148	O=C(OCC)C(Oc3ccc(Oc1nc2ccc(cc2(nc1))Cl)cc3)C	0	NA	0	TS	5.119	0.168	0	0
469	C71751412	O=C5OC2CC(OC1(OC(C(C=C1)C)C(C)CC)C2)CC=C(C)C(OC4OC(C)C(OC3OC(C)C(O)C(OC)C3)C(OC)C4)C(C=CC=C6COC7C(O)C(=CC5C67(O))C)C	0	NA	0	VS	5.439	0.198	0	0
470	C43121433	O=C(C(Oc1ccc(cc1)Cl)n2ncnc2)C(C)(C)C	0	NA	0	TS	2.97	0.152	0	0
471	C25057890	O=C1c2ccccc2(NS(=O)(=O)N1C(C)C)	0	NA	0	VS	1.442	0.208	0	0
472	C141662	O=C(C=C(OP(=O)(OC)OC)C)N(C)C	0	NA	0	VS	3.641	0.117	0	0
473	C2008415	O=C(N(CC(C)C)CC(C)C)SCC	0	NA	0	VS	2.35	0.148	0	0
474	C85701	O=C(OCC(=O)OCCCC)c1ccccc1(C(=O)OCCCC)	0	NA	0	TS	5.327	0.154	0	0
475	C55285148	O=C(Oc2cccc1c2(OC(C)(C)C1))N(C)SN(CCCC)CCCC	0	NA	0	TS	5.14	0.166	0	0
476	C5234684	O=C(Nc1ccccc1)C2=C(OCCS2)C	0	NA	0	TS	3.309	0.173	0	0
477	C21725462	N#CC(N=C1N=C(NC(=NCC)N1)Cl)(C)C	0	NA	0	TS	2.869	0.15	0	0
478	C52315078	N#CC(OC(=O)C1C(C=C(Cl)Cl)C1(C)(C))c3cccc(Oc2ccccc2)c3	0	NA	0	TS	5.206	0.177	0	0
479	C66215278	N=C2NC(=N)NC(=NC1CC1)N2	0	NA	0	VS	2.257	0.148	0	0
480	C39515418	N#CC(OC(=O)C1C(C)(C)C1(C)(C))c3cccc(Oc2ccccc2)c3	0	NA	0	TS	4.813	0.175	0	0
481	C106376	c1cc(ccc1Br)Br	0	NA	0	TS	1.14	0.122	0	0
482	C1918009	O=C(O)c1c(OC)c(ccc1Cl)Cl	0	NA	0	TS	1.42	0.202	0	0
483	C94826	O=C(O)CCCOc1ccc(cc1Cl)Cl	0	NA	0	TS	4.009	0.135	3	0
484	C64675	O=S(=O)(OCC)OCC	0	NA	0	TS	2.244	0.132	0	0
485	C311455	O=[N+]([O-])c1ccc(OP(=O)(OCC)OCC)cc1	0	NA	0	TS	3.325	0.164	0	0
487	C35367385	O=C(NC(=O)c1c(F)cccc1(F))Nc2ccc(cc2)Cl	0	NA	0	TS	4.603	0.174	0	0
488	C55290647	O=S1(=O)(C(=C(C)S(=O)(=O)CC1)C)	0	NA	0	TS	1.091	0.131	0	0
489	C119937	Nc1ccc(cc1C)c2ccc(N)c(c2)C	0	NA	0	TS	2.478	0.154	0	0
490	C957517	O=C(N(C)C)C(c1ccccc1)c2ccccc2	0	NA	0	TS	2.043	0.182	0	0
492	C16672870	O=P(O)(O)CCCl	0	NA	0	TS	1.934	0.077	0	0
493	C563122	O(CC)P(OCC)(=S)SCSP(OCC)(OCC)=S	0	NA	0	TS	4.27	0.168	0	0
494	C759944	O=C(N(CCC)CCC)SCC	0	NA	0	TS	2.416	0.17	0	0
495	C84720	O=C(OCC(=O)OCC)c1ccccc1(C(=O)OCC)	0	NA	0	TS	4.144	0.171	0	0
496	C22224926	O=P(Oc1ccc(c(c1)C)SC)(OCC)NC(C)C	0	NA	0	TS	3.256	0.174	0	0
497	C59756604	O=C1C(=CN(C=C1c2cccc(c2)C(F)(F)F)C)c3ccccc3	0	NA	0	TS	3.292	0.178	0	0
498	C66332965	O=C(Nc1cccc(OC(C)C)c1)c2ccccc2C(F)(F)F	0	NA	0	TS	4.304	0.169	0	0
499	C72178020	O=C(NS(=O)(=O)C)c2cc(Oc1ccc(cc1Cl)C(F)(F)F)ccc2[N+](=O)[O-]	0	NA	0	TS	4.266	0.154	0	0
500	C69806402	O=C(OC)C(Oc2ccc(Oc1ncc(cc1Cl)C(F)(F)F)cc2)C	4.12	3	1	TS	4.85	0.144	0	1
501	C51235042	O=C1N=C(N(C(=O)N1C2CCCCC2)C)N(C)C	0	NA	0	TS	2.244	0.196	0	0
502	C35554440	n1ccn(c1)CC(OCC=C)c2ccc(cc2Cl)Cl	0	NA	0	TS	2.682	0.174	0	0
503	C81335377	O=C(O)c2cc3ccccc3(nc2(C1=NC(C(=O)N1)(C)C(C)C))	0	NA	0	TS	2.676	0.183	2	0
504	C36734197	O=C(NC(C)C)N2C=C(O)N(c1cc(cc(c1)Cl)Cl)C2(=O)	0	NA	0	VS	3.157	0.19	0	0
505	C33820530	O=[N+]([O-])c1cc(cc(c1N(CCC)CCC)[N+](=O)[O-])C(C)C	0	NA	0	TS	2.122	0.19	0	0
506	C82558507	O=C(N=C1ONC(=C1)C(C)(CC)CC)c2c(OC)cccc2(OC)	0	NA	0	TS	4.334	0.193	0	0
507	C77501634	O=C(OC(C(=O)OCC)C)c2cc(Oc1ccc(cc1Cl)C(F)(F)F)ccc2[N+](=O)[O-]	5.82	3.52	1	VS	4.891	0.16	0	1
508	C330552	O=C(Nc1ccc(c(c1)Cl)Cl)N(OC)C	0	NA	0	TS	3.18	0.136	0	0
509	C78488	O=P(SCCCC)(SCCCC)SCCCC	0	NA	0	VS	2.904	0.129	0	0
510	C57837191	O=C(OC)C(N(C(=O)COC)c1c(cccc1C)C)C	0	NA	0	TS	2.269	0.191	0	0
511	C94815	O=C(O)CCCOc1ccc(cc1C)Cl	0	NA	0	TS	4.009	0.135	3	0
512	C93652	O=C(O)C(Oc1ccc(cc1C)Cl)C	0	NA	0	VS	2.82	0.134	1	0
513	C94746	O=C(O)COc1ccc(cc1C)Cl	0	NA	0	TS	2.83	0.137	1	0
514	C21087649	O=C1C(=NN=C(N1(N))SC)C(C)(C)C	0	NA	0	VS	1.813	0.165	0	0
515	C2212671	O=C(N1CCCCCC1)SCC	0	NA	0	VS	2.416	0.159	0	0
516	C15299997	O=C(N(CC)CC)C(Oc1cccc2ccccc12)C	0	NA	0	VS	3.798	0.186	0	0
517	C27314132	O=C1C(=C(C=NN1c2cccc(c2)C(F)(F)F)NC)Cl	0	NA	0	TS	2.92	0.168	0	0
518	C85509199	Fc1ccc(cc1)[Si](c2ccc(F)cc2)(C)Cn3ncnc3	0	NA	0	VS	2.229	0.174	0	0
519	C19044883	O=[N+]([O-])c1cc(cc(c1N(CCC)CCC)[N+](=O)[O-])S(=O)(=O)N	0	NA	0	TS	2.168	0.18	0	0
520	C19666309	O=C1OC(=NN1c2cc(OC(C)C)c(cc2Cl)Cl)C(C)(C)C	0	NA	0	TS	3.069	0.165	0	0
521	C42874033	O=[N+]([O-])c2ccc(Oc1ccc(cc1Cl)C(F)(F)F)cc2(OCC)	0	NA	0	TS	3.903	0.165	0	0
522	C76738620	OC(C(n1ncnc1)Cc2ccc(cc2)Cl)C(C)(C)C	0	NA	0	TS	2.97	0.152	0	0
523	C40487421	O=[N+]([O-])c1cc(c(c(c1(NC(CC)CC))[N+](=O)[O-])C)C	0	NA	0	TS	2.336	0.186	0	0
524	C2310170	O=C2Oc1cc(ccc1N2CSP(OCC)(OCC)=S)Cl	0	NA	0	TS	3.764	0.186	0	0
525	C29232937	n1c(OP(OC)(OC)=S)cc(nc1N(CC)CC)C	0	NA	0	VS	3.143	0.165	0	0
526	C67747095	O=C(n1cncc1)N(CCOc2c(cc(cc2Cl)Cl)Cl)CCC	0	NA	0	TS	4.818	0.183	0	0
527	C7287196	N=1C(=NC(C)C)NC(=NC(C)C)NC=1SC	0	NA	0	TS	2.491	0.159	0	0
528	C1918167	O=C(N(c1ccccc1)C(C)C)CCl	0	NA	0	TS	2.122	0.185	0	0
529	C2312358	O=S(OCC#C)OC2CCCCC2(Oc1ccc(cc1)C(C)(C)C)	0	NA	0	TS	4.566	0.151	0	0
530	C60207901	n1cnn(c1)CC2(OCC(O2)CCC)c3ccc(cc3Cl)Cl	0	NA	0	TS	2.317	0.195	0	0
531	C81335775	O=C(O)c2cc(cnc2(C1=NC(=O)C(N1)(C)C(C)C))CC	0	NA	0	TS	2.713	0.176	2	0
532	C129000	c1cc2ccc3cccc4ccc(c1)c2c34	0	NA	0	TS	0.883	0.224	0	0
533	C78587050	O=C(NC1CCCCC1)N3C(=O)SC(c2ccc(cc2)Cl)C3C	0	NA	0	TS	3.837	0.187	0	0
534	C74051802	O=C1CC(CC(=O)C1C(=NOCC)CCC)CC(C)SCC	0	NA	0	TS	3.485	0.184	0	0
535	C88671890	N#CC(c1ccc(cc1)Cl)(Cn2ncnc2)CCCC	0	NA	0	VS	2.427	0.181	0	0
536	C34014181	O=C(NC)N(c1nnc(C(C)(C)C)s1)C	0	NA	0	VS	2.857	0.135	0	0
537	C5902512	O=C1NC(=C(C(=O)N1C(C)(C)C)Cl)C	0	NA	0	TS	1.592	0.177	0	0
538	C886500	N=1C(=NC(C)(C)C)NC(=NCC)NC=1SC	0	NA	0	TS	2.528	0.156	0	0
539	C28249776	O=C(N(CC)CC)SCc1ccc(cc1)Cl	0	NA	0	TS	3.946	0.148	0	0
540	C23564058	O=C(OC)NC(Nc1ccccc1(NC(NC(=O)OC)=S))=S	0	NA	0	TS	4.615	0.15	0	0
542	C1929777	O=C(N(CCC)CCC)SCCC	0	NA	0	TS	2.902	0.161	0	0
543	C102012	O=C(Nc1ccccc1)CC(=O)C	0	NA	0	TS	3.267	0.147	0	0
544	C2016888	O=C(NC(=N)N)C=1N=C(C(=N)NC=1(N))Cl	0	NA	0	TS	2.622	0.16	0	0
545	C60093	N(=Nc1ccc(N)cc1)c2ccccc2	0	NA	0	TS	3.626	0.149	0	0
546	C934327	N=C1Nc2ccccc2(N1)	0	NA	0	TS	1.146	0.189	0	0
547	C150130	O=C(O)c1ccc(N)cc1	0	NA	0	TS	1.74	0.129	0	0
548	C1747600	N=C2Nc1ccc(OC)cc1S2	0	NA	0	TS	1.58	0.184	0	0
549	C2835952	Oc1cc(N)ccc1C	0	NA	0	TS	1.06	0.135	0	0
550	C6285570	O=[N+]([O-])c1ccc2NC(=N)Sc2(c1)	0	NA	0	TS	1.798	0.171	0	0
551	C63058	O=C3CC2=CCC1C4CCC(=O)C4(C)(CCC1C2(C)CC3)	0	NA	0	TS	1.746	0.203	0	0
552	C98113	O=S(=O)(O)c1ccccc1	0	NA	0	TS	1.726	0.129	0	0
553	C85029	n1cccc3c1ccc2ccccc23	0	NA	0	TS	1.322	0.206	0	0
554	C118581	O=C(OCc1ccccc1)c2ccccc2(O)	0	NA	0	VS	3.962	0.166	0	0
555	C1675543	O(c1ccc(cc1)C(c3ccc(OCC2OC2)cc3)(C)C)CC4OC4	0	NA	0	TS	4.541	0.138	0	0
556	C52517	O=[N+]([O-])C(CO)(CO)Br	0	NA	0	TS	1.459	0.098	0	0
557	C357573	O=C2N6c1cc(OC)c(OC)cc1C57(CCN4CC3=CCOC(C2)C(C3CC45)C67)	0	NA	0	TS	1.487	0.243	0	0
558	C1703588	O=C(O)CC(C(=O)O)C(C(=O)O)CC(=O)O	0	NA	0	VS	2.47	0.159	0	0
560	C10605217	O=C(N=C1Nc2ccccc2(N1))OC	0	NA	0	TS	2.684	0.169	0	0
561	C69090	c1ccc3c(c1)N(c2cc(ccc2S3)Cl)CCCN(C)C	0	NA	0	TS	2.843	0.181	0	0
562	C64868	O=C1C=C3C(=CC=C1(OC))c2c(OC)c(OC)c(OC)cc2CCC3(NC(=O)C)	0	NA	0	TS	1.89	0.212	0	0
563	C6055192	O=P1(OCCCN1)N(CCCl)CCCl	0	NA	0	TS	2.101	0.186	0	0
564	C533744	C1(N(C)CN(C)CS1)(=S)	0	NA	0	TS	1.06	0.135	0	0
565	C2873974	O=C(C=C)NC(C)(C)CC(=O)C	0	NA	0	VS	2.865	0.133	0	0
566	C80079	O=S(=O)(c1ccc(cc1)Cl)c2ccc(cc2)Cl	0	NA	0	TS	2.731	0.154	0	0
567	C583788	Oc1cc(ccc1Cl)Cl	0	NA	0	VS	1.06	0.135	0	0
568	C84617	O=C(OC1CCCCC1)c3ccccc3(C(=O)OC2CCCCC2)	0	NA	0	TS	4.39	0.181	0	0
569	C91441	O=C2Oc1cc(ccc1C(=C2)C)N(CC)CC	0	NA	0	TS	2.263	0.192	0	0
571	C26761400	O=C(OCCCCCCCC(C)C)c1ccccc1(C(=O)OCCCCCCCC(C)C)	0	NA	0	VS	8.448	0.139	0	0
572	C119904	O(c1cc(ccc1(N))c2ccc(N)c(OC)c2)C	0	NA	0	VS	2.695	0.178	0	0
573	C117828	O=C(OCCOC)c1ccccc1(C(=O)OCCOC)	0	NA	0	TS	4.023	0.162	0	0
575	C606371	O=[N+]([O-])c2cc1ccccc1c(c2)[N+](=O)[O-]	0	NA	0	TS	1.534	0.182	0	0
576	C102067	N=C(Nc1ccccc1)Nc2ccccc2	0	NA	0	TS	3.872	0.164	0	0
577	C15791783	O=C3C=CC(=Nc1ccc(cc1)CCO)c4c(O)c2c(C(=O)C=CC2=[N+]([O-])O)c(O)c34	0	NA	0	TS	3.59	0.209	1	0
578	C24169026	n1ccn(c1)CC(OCc2ccc(cc2)Cl)c3ccc(cc3Cl)Cl	7.12	10.8	1	TS	3.611	0.168	0	1
579	C87252	O=C(OCC)c1ccccc1(N)	0	NA	0	VS	2.322	0.173	0	0
580	C94962	OCC(CC)C(O)CCC	0	NA	0	VS	2.353	0.155	0	0
581	C1241947	O=P(Oc1ccccc1)(Oc2ccccc2)OCC(CC)CCCC	0	NA	0	VS	3.749	0.16	0	0
582	C6789884	O=C(OCCCCCC)c1ccccc1	0	NA	0	TS	4.452	0.142	0	0
583	C495181	ON=C(O)c1ccccc1	0	NA	0	VS	1.964	0.151	0	0
584	C6088513	Oc1ccc2cc(ccc2(c1))SSc3ccc4cc(O)ccc4(c3)	0	NA	0	TS	4.558	0.18	0	0
587	C1077287	O=C(O)CCCCC1CCSS1	0	NA	0	TS	3.969	0.127	0	0
588	C71589	O=C(OC3(C(=O)C)(CCC2C4CC(=C1CC(=O)CCC1(C)C4(CCC23(C)))C))C	0	NA	0	TS	2.272	0.217	0	0
589	C583391	c1ccc2NC(Nc2(c1))=S	0	NA	0	TS	1.146	0.189	0	0
590	C484208	O=C2Oc3cc1occc1c(OC)c3(C=C2)	0	NA	0	TS	1.347	0.215	0	0
591	C92488	O=C1Oc2ccc(cc2(C=C1))C	0	NA	0	TS	1.342	0.173	0	0
592	C110269	O=C(C=C)NCNC(=O)C=C	0	NA	0	TS	3.667	0.088	0	0
593	C90335	O=C2Oc1cc(O)ccc1C(=C2)C	0	NA	0	VS	1.29	0.185	0	0
594	C4376209	O=C(O)c1ccccc1(C(=O)OCC(CC)CCCC)	0	NA	0	TS	4.424	0.165	2	0
595	C81141	O=C(c1c(c(c(c(c1C)[N+](=O)[O-])C(C)(C)C)[N+](=O)[O-])C)C	0	NA	0	TS	1.406	0.211	0	0
596	C602608	O=[N+]([O-])c2c3ccccc3(cc1ccccc12)	0	NA	0	TS	1.188	0.216	0	0
597	C121926	O=C(O)c1cccc(c1)[N+](=O)[O-]	0	NA	0	TS	2.011	0.142	0	0
598	C26530201	O=C1C=CSN1CCCCCCCC	0	NA	0	TS	4.664	0.14	0	0
599	C112801	O=C(O)CCCCCCCC=CCCCCCCCC	4.66	3	1	TS	8.066	0.109	1	1
600	C500663	Oc1cc(O)cc(c1)CCCCC	0	NA	0	TS	3.073	0.155	0	0
601	C341695	O(CCN(C)C)C(c1ccccc1)c2ccccc2C	0	NA	0	TS	2.919	0.168	0	0
603	C133186	O=C(OCCc1ccccc1)c2ccccc2(N)	0	NA	0	TS	4.593	0.166	0	0
604	C156434	O(c1ccc(N)cc1)CC	0	NA	0	TS	2.063	0.148	0	0
606	C101542	Nc1ccc(cc1)Nc2ccccc2	0	NA	0	TS	2.952	0.155	0	0
607	C83261	O=C2c1ccccc1C(=O)C2C(=O)C(C)(C)C	0	NA	0	TS	2.226	0.187	0	0
609	C144809	O=C(NS(=O)(=O)c1ccc(N)cc1)C	0	NA	0	VS	2.561	0.147	0	0
610	C129179	O=S(=O)([O-])c3ccc(C(c1ccc(cc1)N(CC)CC)=C2C=CC(C=C2)=[N+](CC)CC)c(c3)S(=O)(=O)O	0	NA	0	TS	2.843	0.175	2	0
611	C72140	O=S(=O)(N=C1NC=CS1)c2ccc(N)cc2	0	NA	0	TS	3.029	0.157	0	0
612	C100210	O=C(O)c1ccc(cc1)C(=O)O	0	NA	0	VS	2.113	0.132	0	0
613	C79947	Oc1c(cc(cc1Br)C(c2cc(c(O)c(c2)Br)Br)(C)C)Br	0	NA	0	VS	2.978	0.163	0	0
614	C54827177	Nc1c(cc(cc1C)c2cc(c(N)c(c2)C)C)C	0	NA	0	TS	2.525	0.166	0	0
615	C1941306	CCC[N+](CCC)(CCC)CCC	0	NA	0	TS	1.554	0.21	0	0
616	C83670	O=C1NC(=O)N(c2ncn(c12)C)C	0	NA	0	TS	1.092	0.203	0	0
617	C95534	Nc1ccccc1C	0	NA	0	TS	0.854	0.127	0	0
619	C933755	Oc1c(ccc(c1Cl)Cl)Cl	0	NA	0	TS	0.984	0.143	0	0
620	C101202	O=C(Nc1ccc(cc1)Cl)Nc2ccc(c(c2)Cl)Cl	0	NA	0	TS	4.266	0.152	0	0
621	C1421632	O=C(c1cc(O)c(O)cc1(O))CCC	0	NA	0	TS	2.302	0.169	0	0
622	C118569	O=C(OC1CC(C)CC(C)(C)C1)c2ccccc2(O)	0	NA	0	VS	3.586	0.174	0	0
623	C13674878	O=P(OC(CCl)CCl)(OC(CCl)CCl)OC(CCl)CCl	0	NA	0	TS	2.507	0.166	0	0
624	C2451629	O=C1N(C(=O)N(C(=O)N1CC2OC2)CC3OC3)CC4OC4	0	NA	0	TS	1.91	0.155	0	0
625	C839907	O=C1N(C(=O)N(C(=O)N1CCO)CCO)CCO	0	NA	0	TS	1.615	0.216	0	0
626	C25155231	O=P(Oc1cc(cc(c1)C)C)(Oc2cc(cc(c2)C)C)Oc3cc(cc(c3)C)C	0	NA	0	TS	2.977	0.179	0	0
627	C120149	O=Cc1ccc(OC)c(OC)c1	0	NA	0	TS	1.541	0.182	0	0
628	C81481	O=C1c4ccccc4(C(=O)c2c(ccc(O)c12)Nc3ccc(cc3)C)	0	NA	0	TS	3.019	0.205	0	0
629	C125315	O=S4(=O)(OC(c1cc(c(O)cc1C)C)(c2cc(c(O)cc2C)C)c3ccccc34)	0	NA	0	TS	2.067	0.21	0	0
630	C87627	Nc1c(cccc1C)C	0	NA	0	TS	0.95	0.137	0	0
631	C69727	O=C(O)c1ccccc1(O)	0	NA	0	TS	1.563	0.16	0	0
632	C77907	O=C(OC(C(=O)OCCCC)(CC(=O)OCCCC)CC(=O)OCCCC)C	0	NA	0	TS	3.427	0.156	0	0
633	C80513	O=S(=O)(NN)c2ccc(Oc1ccc(cc1)S(=O)(=O)NN)cc2	0	NA	0	TS	4.369	0.142	0	0
634	C87025	O=S(=O)(O)c1cc(O)c2ccc(N)cc2(c1)	0	NA	0	VS	1.865	0.161	0	0
635	C88448	O=S(=O)(O)c1cc(ccc1(N))C	0	NA	0	TS	1.671	0.152	0	0
636	C88608	Oc1cc(ccc1C(C)(C)C)C	0	NA	0	TS	1.718	0.15	0	0
637	C92002	OCCN(c1cccc(c1)Cl)CCO	0	NA	0	TS	2.307	0.181	0	0
638	C92159	O=C(Nc1ccccc1(OC))CC(=O)C	0	NA	0	TS	3.271	0.165	0	0
639	C92706	O=C(O)c1cc2ccccc2(cc1(O))	0	NA	0	VS	1.642	0.183	0	0
640	C93685	O=C(Nc1ccccc1C)CC(=O)C	0	NA	0	VS	3.249	0.151	0	0
641	C94280	O=C(OCCOCCOCCOC(=O)C(CC)CCCC)C(CC)CCCC	0	NA	0	TS	9.443	0.146	0	0
642	C96764	Oc1ccc(cc1C(C)(C)C)C(C)(C)C	0	NA	0	VS	2.084	0.134	0	0
643	C99967	O=C(O)c1ccc(O)cc1	0	NA	0	TS	1.74	0.129	0	0
644	C100549	N#Cc1cnccc1	0	NA	0	TS	1.481	0.145	0	0
646	C102603	OC(C)CN(CCN(CC(O)C)CC(O)C)CC(O)C	0	NA	0	TS	3.997	0.137	0	0
647	C103242	O=C(OCC(CC)CCCC)CCCCCCCC(=O)OCC(CC)CCCC	0	NA	0	TS	9.594	0.132	0	0
648	C106149	O=C(O)CCCCCCCCCCC(O)CCCCCC	5.34	3	1	TS	7.892	0.111	1	1
649	C108441	Nc1cccc(c1)C	0	NA	0	TS	1.069	0.139	0	0
650	C110338	O=C(OCCCCCC)CCCCC(=O)OCCCCCC	0	NA	0	TS	7.614	0.117	0	0
651	C111206	O=C(O)CCCCCCCCC(=O)O	0	NA	0	VS	5.475	0.094	2	0
652	C112005	CCCCCCCCCCCC[N+](C)(C)C	0	NA	0	TS	6.218	0.097	0	0
654	C112185	N(C)(C)CCCCCCCCCCCC	0	NA	0	TS	6.005	0.104	0	0
655	C118489	O=C1OC(=O)c2ccccc2(N1)	0	NA	0	TS	1.136	0.192	0	0
656	C120558	O=C(OCCOCCOC(=O)c1ccccc1)c2ccccc2	0	NA	0	TS	7.34	0.156	0	0
658	C121039	O=[N+]([O-])c1ccc(c(c1)S(=O)(=O)O)C	0	NA	0	TS	1.962	0.145	0	0
659	C135193	Oc1ccc2ccccc2(c1)	0	NA	0	TS	1.207	0.177	0	0
660	C141173	O=C(OCCOCCOCCCC)CCCCC(=O)OCCOCCOCCCC	4.34	3	1	TS	10.723	0.119	0	1
661	C141231	O=C(OC)CCCCCCCCCCC(O)CCCCCC	5.04	3	1	TS	8.257	0.113	0	1
662	C142165	O=C(OCC(CC)CCCC)C=CC(=O)OCC(CC)CCCC	0	NA	0	TS	6.935	0.133	0	0
663	C550447	O=C1c2ccccc2(C(=O)N1C)	0	NA	0	TS	1.068	0.202	0	0
664	C579668	Nc1c(cccc1CC)CC	0	NA	0	TS	1.541	0.181	0	0
665	C602017	O=[N+]([O-])c1cccc(c1[N+](=O)[O-])C	0	NA	0	TS	1.593	0.19	0	0
666	C610399	O=[N+]([O-])c1ccc(cc1[N+](=O)[O-])C	0	NA	0	TS	1.581	0.171	0	0
667	C643389	O=C(O)c1nc2ccccc2(cc1(C(=O)O))	0	NA	0	TS	1.5	0.186	0	0
668	C689112	O=C(N)NC(C)CC	0	NA	0	TS	2.34	0.101	0	0
669	C693232	O=C(O)CCCCCCCCCCC(=O)O	0	NA	0	TS	6.332	0.098	2	0
671	C836306	O=[N+]([O-])c1ccc(cc1)Nc2ccccc2	0	NA	0	TS	3.252	0.154	0	0
672	C947046	O=C1NCCCCCCCCCCC1	0	NA	0	TS	1.489	0.126	0	0
673	C1118929	O=C(N(C)C)CCCCCCC	0	NA	0	TS	4.219	0.093	0	0
674	C1333397	O=S(=O)(O)c1ccccc1(O)	0	NA	0	TS	1.661	0.153	0	0
675	C1459934	O=C(OC)c1cccc(c1)C(=O)OC	0	NA	0	TS	2.465	0.155	0	0
676	C1498517	O=P(OCC)(Cl)Cl	0	NA	0	TS	1.934	0.077	0	0
677	C1563388	Oc2cccc1c2(OC(C)(C)C1)	0	NA	0	TS	1.264	0.181	0	0
679	C1852160	O=C(C=C)NCOCCCC	5.02	3	1	TS	4.098	0.098	0	1
680	C2440224	Oc1ccc(cc1n2nc3ccccc3(n2))C	0	NA	0	TS	2.47	0.189	0	0
681	C2702729	O=C(O)COc1ccc(cc1Cl)Cl	0	NA	0	TS	2.83	0.137	1	0
682	C2814202	O=C1C=C(N=C(N1)C(C)C)C	0	NA	0	TS	1.634	0.157	0	0
683	C3147759	Oc1ccc(cc1n2nc3ccccc3(n2))C(C)(C)CC(C)(C)C	0	NA	0	TS	3.56	0.174	0	0
684	C3194556	C1CC(C(CCC(C(CCC(C1Br)Br)Br)Br)Br)Br	0	NA	0	TS	1.366	0.12	0	0
685	C3290924	O=C(OCC(COC(=O)C(=C)C)(COC(=O)C(=C)C)CC)C(=C)C	0	NA	0	VS	3.178	0.099	0	0
686	C3622842	O=S(=O)(NCCCC)c1ccccc1	0	NA	0	TS	3.163	0.144	0	0
687	C4792158	OCCOCCOCCOCCOCCO	0	NA	0	TS	6.505	0.113	0	0
688	C4979322	n2c1ccccc1sc2SN(C3CCCCC3)C4CCCCC4	0	NA	0	TS	3.219	0.193	0	0
689	C5026744	O(c1ccc(cc1)N(CC2OC2)CC3OC3)CC4OC4	0	NA	0	TS	3.59	0.126	0	0
690	C5766676	N#CCN(CC#N)CCN(CC#N)CC#N	0	NA	0	TS	3.728	0.164	0	0
691	C5809234	O=C(O)c2ccccc2(C(=O)c1ccc(cc1(O))N(CC)CC)	0	NA	0	TS	3.572	0.192	0	0
692	C5915413	N=1C(=NC(C)(C)C)NC(=NCC)NC=1Cl	0	NA	0	TS	2.645	0.153	0	0
693	C6375479	O=C(Nc1ccc(OC)c(N)c1)C	0	NA	0	TS	2.373	0.159	0	0
694	C6422862	O=C(OCC(CC)CCCC)c1ccc(cc1)C(=O)OCC(CC)CCCC	0	NA	0	TS	6.311	0.147	0	0
695	C10081671	c1ccc(cc1)C(c2ccc(cc2)Nc3ccc(cc3)C(c4ccccc4)(C)C)(C)C	0	NA	0	TS	5.586	0.174	0	0
696	C13472087	N#CC(N=NC(C#N)(C)CC)(C)CC	0	NA	0	TS	3.168	0.102	0	0
697	C13826352	OCc2cccc(Oc1ccccc1)c2	0	NA	0	TS	3.052	0.168	0	0
698	C15214898	O=C(C=C)NC(C)(C)CS(=O)(=O)O	0	NA	0	VS	2.979	0.127	0	0
699	C15233473	c1ccc(cc1)Nc2ccc(cc2)NC(C)CCCCCC	0	NA	0	VS	5.249	0.152	0	0
700	C15708415	O=C(O)CN(CC(=O)O)CCN(CC(=O)O)CC(=O)O	0	NA	0	TS	3.997	0.137	0	0
702	C18268707	O=C(OCCOCCOCCOCCOC(=O)C(CC)CCCC)C(CC)CCCC	0	NA	0	TS	10.957	0.144	0	0
703	C19248136	NCCN(c1cccc(c1)C)CC	0	NA	0	TS	2.306	0.178	0	0
704	C19438610	O=C1OC(=O)c2cc(ccc12)C	0	NA	0	TS	1.197	0.194	0	0
705	C19525598	O=C(O)CNc1ccccc1	0	NA	0	TS	2.905	0.128	0	0
707	C27138314	O=C(OC(C)COCC(OC(=O)c1ccccc1)C)c2ccccc2	0	NA	0	VS	6.907	0.159	0	0
708	C27178161	O=C(OCCCCCCCC(C)C)CCCCC(=O)OCCCCCCCC(C)C	0	NA	0	VS	10.668	0.111	0	0
709	C30399849	O=C(O)CCCCCCCCCCCCCCC(C)C	4.28	3	1	TS	8.008	0.103	1	1
710	C32687777	O=C(NN)CCc1cc(c(O)c(c1)C(C)(C)C)C(C)(C)C	0	NA	0	TS	2.943	0.142	0	0
711	C33509432	O=C1C(=NNC(N1(N))=S)C(C)(C)C	0	NA	0	TS	1.703	0.151	0	0
712	C36653824	OCCCCCCCCCCCCCCCC	0	NA	0	TS	6.909	0.114	0	0
713	C37764253	O=C(N(CC=C)CC=C)C(Cl)Cl	0	NA	0	TS	2.202	0.155	0	0
714	C55406536	O=C(OCC#CI)NCCCC	0	NA	0	TS	4.115	0.112	0	0
715	C63133744	N#CCN(c1cccc(c1)C)CC	0	NA	0	TS	2.306	0.178	0	0
716	C68515480	O=C(OCCCCCCC(C)C)c1ccccc1(C(=O)OCCCCCCC(C)C)	0	NA	0	TS	7.668	0.14	0	0
718	C69045789	n1cc(ccc1Cl)C(Cl)(Cl)Cl	0	NA	0	TS	1.833	0.118	0	0
719	C70553	O=S(=O)(N)c1ccc(cc1)C	0	NA	0	TS	1.833	0.118	0	0
720	C99934	O=C(c1ccc(O)cc1)C	0	NA	0	VS	1.74	0.129	0	0
721	C120514	O=C(OCc1ccccc1)c2ccccc2	0	NA	0	TS	3.928	0.158	0	0
723	C135762	O=S(=O)(O)c1ccc2cc(O)ccc2(c1)	0	NA	0	TS	1.988	0.152	0	0
725	C840653	O=C(OC)c1ccc2cc(ccc2(c1))C(=O)OC	0	NA	0	TS	2.586	0.166	0	0
726	C1702176	O=C(O)c1nc(ccc1Cl)Cl	0	NA	0	TS	1.553	0.16	0	0
727	C2772454	Oc1ccc(cc1C(c2ccccc2)(C)C)C(c3ccccc3)(C)C	0	NA	0	TS	3.572	0.18	0	0
728	C3052504	O=C(O)C=CC(=O)OC	0	NA	0	TS	2.89	0.081	0	0
729	C4433798	O=C(Nc1cc(OC)c(cc1(OC))Cl)CC(=O)C	0	NA	0	TS	3.188	0.172	0	0
730	C6807176	Oc1ccc(cc1)C(c2ccc(O)cc2)(C)CC(C)C	0	NA	0	TS	2.321	0.171	0	0
731	C11099073	O=C(OCC(O)CO)CCCCCCCCCCCCCCCCC	0	NA	0	TS	9.6	0.113	0	0
732	C21245023	O=C(OCC(CC)CCCC)c1ccc(cc1)N(C)C	0	NA	0	TS	4.64	0.143	0	0
733	C32388559	O=C(C1=C(C)C2CC3(C1)(C(C)CCC3(C2(C)(C))))C	0	NA	0	TS	1.39	0.216	0	0
734	C98730042	O=C(N1c2ccccc2(OCC1C))C(Cl)Cl	0	NA	0	TS	1.988	0.19	0	0
735	C109160	O=C(OCCOCCOCCOC(=O)C(=C)C)C(=C)C	0	NA	0	TS	7.501	0.096	0	0
736	C120569	O=C(OCCOCCOCCOC(=O)c1ccccc1)c2ccccc2	0	NA	0	TS	8.92	0.152	0	0
737	C134523005	O=C(O)CC(O)CC(O)CCn4c(c1ccc(F)cc1)c(c2ccccc2)c(C(=O)Nc3ccccc3)c4C(C)C	0	NA	0	TS	3.984	0.187	0	0
738	C41859670	O=C(O)C(Oc1ccc(cc1)CCNC(=O)c2ccc(cc2)Cl)(C)C	5.08	3	1	VS	5.967	0.135	1	1
740	C65277421	O=C(N5CCN(c4ccc(OCC1OC(OC1)(c2ccc(cc2Cl)Cl)Cn3cncc3)cc4)CC5)C	0	NA	0	TS	5.98	0.18	0	0
741	C989515	O=C(OC2Cc3c(O)cc(O)cc3(OC2(c1cc(O)c(O)c(O)c1)))c4cc(O)c(O)c(O)c4	0	NA	0	TS	3.824	0.182	0	0
742	C132321	Nc1ccc3c(c1)c2ccccc2n3CC	0	NA	0	TS	1.279	0.224	0	0
743	C6051872	O=C2C=C(Oc3ccc1ccccc1c23)c4ccccc4	0	NA	0	TS	2.436	0.206	0	0
744	C55589623	O=C1C=C(OS(=O)(=O)N1)C	0	NA	0	TS	1.037	0.16	0	0
745	C481721	O=Cc1cc(O)c2c(O)c3c(O)cccc3(c(O)c2(c1))	0	NA	0	TS	1.623	0.22	0	0
746	C10016203	OCC7OC6OC1C(O)C(O)C(OC1(CO))OC2C(O)C(O)C(OC2(CO))OC3C(O)C(O)C(OC3(CO))OC4C(O)C(O)C(OC4(CO))OC5C(O)C(O)C(OC5(CO))OC7(C(O)C6(O))	0	NA	0	TS	2.235	0.205	0	0
747	C131180	O=C(OCCCCC)c1ccccc1(C(=O)OCCCCC)	0	NA	0	TS	4.734	0.157	0	0
748	C131168	O=C(OCCC)c1ccccc1(C(=O)OCCC)	0	NA	0	TS	3.342	0.171	0	0
749	C54464572	O=C(C)C2(C)(CC1=C(CCCC1(C)C)CC2(C))	0	NA	0	TS	1.643	0.168	0	0
750	C129737	c1ccc(cc1)C(c2ccc(cc2)N(C)C)c3ccc(cc3)N(C)C	0	NA	0	TS	2.868	0.172	0	0
752	C501360	Oc1ccc(cc1)C=Cc2cc(O)cc(O)c2	0	NA	0	TS	3.806	0.158	0	0
753	C13311847	O=C(Nc1ccc(c(c1)C(F)(F)F)[N+](=O)[O-])C(C)C	0	NA	0	VS	2.903	0.143	0	0
754	C114498	O=C(OC1CC3N(C)C(C1)C2OC23)C(c4ccccc4)CO	0	NA	0	TS	3.985	0.199	0	0
755	C107534963	OC(Cn1ncnc1)(CCc2ccc(cc2)Cl)C(C)(C)C	0	NA	0	TS	3.781	0.139	0	0
756	C78308	O=P(Oc1ccccc1C)(Oc2ccccc2C)Oc3ccccc3C	0	NA	0	TS	2.775	0.173	0	0
757	C1929733	O=C(OCCOCCCC)COc1ccc(cc1Cl)Cl	0	NA	0	TS	5.946	0.137	0	0
758	C64359815	O=C1C(=C(Cl)SN1CCCCCCCC)Cl	0	NA	0	TS	4.676	0.149	0	0
759	C88040	Oc1cc(c(c(c1)C)Cl)C	0	NA	0	TS	0.962	0.153	0	0
760	C22781233	O=C(Oc1cccc2OC(Oc12)(C)C)NC	0	NA	0	TS	2.514	0.171	0	0
761	C741582	O=S(=O)(NCCSP(OC(C)C)(OC(C)C)=S)c1ccccc1	0	NA	0	TS	5.359	0.157	0	0
762	C33629479	O=[N+]([O-])c1cc(cc(c1(NC(C)CC))[N+](=O)[O-])C(C)(C)C	0	NA	0	TS	2.162	0.154	0	0
763	C105512069	O=C(OCC#C)C(Oc2ccc(Oc1ncc(cc1(F))Cl)cc2)C	0	NA	0	TS	5.071	0.155	0	0
764	C81777891	O=C1N(OCC1(C)C)Cc2ccccc2Cl	0	NA	0	TS	2.956	0.156	0	0
765	C1134232	O=C(N(CC)C1CCCCC1)SCC	0	NA	0	TS	2.566	0.185	0	0
766	C57966957	N#CC(NOC)C(=O)NC(=O)N=CC	0	NA	0	TS	3.402	0.16	0	0
767	C121552612	N(c1ccccc1)=C2N=C(C=C(N2)C3CC3)C	0	NA	0	VS	3.076	0.165	0	0
768	C119446683	n1cnn(c1)CC2(OCC(O2)C)c4ccc(Oc3ccc(cc3)Cl)cc4Cl	0	NA	0	VS	3.983	0.187	0	0
769	C97886458	O=C(c1c(nc(c(C(=O)SC)c1CC(C)C)C(F)(F)F)C(F)F)SC	0	NA	0	TS	1.53	0.186	0	0
770	C60168889	OC(c1cncnc1)(c2ccc(cc2)Cl)c3ccccc3Cl	0	NA	0	TS	2.04	0.197	0	0
772	C72490018	O=C(OCC)NCCOc2ccc(Oc1ccccc1)cc2	0	NA	0	TS	5.619	0.153	0	0
773	C131341861	N#Cc1c[nH]cc1c3cccc2OC(F)(F)Oc23	0	NA	0	TS	2.371	0.204	0	0
774	C25954136	O=C(N)P(=O)(O)OCC	0	NA	0	TS	1.991	0.09	0	0
775	C81405858	O=C(OC)c2ccc(cc2(C1=NC(=O)C(N1)(C)C(C)C))C	0	NA	0	TS	2.744	0.175	0	0
776	C28159980	N=2C(=NC(C)(C)C)NC(=NC1CC1)NC=2SC	0	NA	0	TS	2.668	0.14	0	0
777	C25311711	O=C(OC(C)C)c1ccccc1(OP(OCC)(NC(C)C)=S)	0	NA	0	TS	3.651	0.175	0	0
778	C104206828	O=C(c1ccc(cc1[N+](=O)[O-])S(=O)(=O)C)C2C(=O)CCCC2(=O)	0	NA	0	TS	3.052	0.175	0	0
780	C138261413	O=[N+]([O-])NC1=NCCN1Cc2cnc(cc2)Cl	0	NA	0	TS	3.431	0.162	0	0
781	C298022	O(CC)P(OCC)(=S)SCSCC	0	NA	0	TS	2.937	0.155	0	0
782	C41198087	O=P(Oc1ccc(cc1Cl)Br)(OCC)SCCC	0	NA	0	TS	3.102	0.166	0	0
783	C31218834	O=C(OC(C)C)C=C(OP(OC)(NCC)=S)C	0	NA	0	VS	4.153	0.149	0	0
784	C96182535	n1cc(OP(OCC)(OC(C)C)=S)cnc1C(C)(C)C	0	NA	0	TS	3.555	0.153	0	0
785	C117718602	O=C(OC)c2c(nc(c(C1=NCCS1)c2CC(C)C)C(F)(F)F)C(F)F	0	NA	0	TS	1.593	0.19	0	0
786	C55219653	OC(C(Oc1ccc(cc1)Cl)n2ncnc2)C(C)(C)C	0	NA	0	TS	2.97	0.152	0	0
787	C55335063	O=C(O)COc1nc(c(cc1Cl)Cl)Cl	0	NA	0	TS	2.773	0.139	1	0
788	C68694111	FC(F)(F)c2cc(ccc2(N=C(n1cncc1)COCCC))Cl	0	NA	0	TS	3.469	0.164	0	0
789	C135158542	O=C(c2cccc1nnsc12)SC	0	NA	0	TS	1.858	0.195	0	0
790	C131860338	N#Cc3ccccc3(Oc2ncnc(Oc1ccccc1C(=COC)C(=O)OC)c2)	0	NA	0	VS	5.195	0.193	0	0
791	C2634335	O=C1NSc2ccccc12	0	NA	0	TS	1.057	0.189	0	0
792	C149877418	O=C(OC(C)C)NNc1cc(ccc1(OC))c2ccccc2	0	NA	0	TS	4.032	0.167	0	0
793	C128639021	O=C(OCC)C(Cc1cc(c(F)cc1Cl)N2N=C(N(C2(=O))C(F)F)C)Cl	0	NA	0	TS	3.942	0.186	0	0
794	C95266403	O=C(OCC)c1cc(O)c(c(O)c1)C(O)C2CC2	0	NA	0	TS	2.714	0.178	0	0
795	C7173515	CCCCCCCCCC[N+](C)(C)CCCCCCCCCC	0	NA	0	TS	7.785	0.114	0	0
796	C136458	O=C(OCCC)c1ncc(cc1)C(=O)OCCC	0	NA	0	TS	3.779	0.149	0	0
797	C114369436	N#CC(c1ccccc1)(Cn2ncnc2)CCc3ccc(cc3)Cl	0	NA	0	TS	3.474	0.178	0	0
798	C126833178	O=C(Nc1ccc(O)c(c1Cl)Cl)C2(C)(CCCCC2)	0	NA	0	VS	3.459	0.161	0	0
799	C111812589	O=C(OC(C)(C)C)c1ccc(cc1)CON=Cc3c(nn(c3(Oc2ccccc2))C)C	0	NA	0	TS	6.917	0.167	0	0
800	C79622596	O=[N+]([O-])c2cc(c(c(c2(N=C1NC=C(C=C1Cl)C(F)(F)F))[N+](=O)[O-])Cl)C(F)(F)F	0	NA	0	TS	3.517	0.169	0	0
801	C142459583	O=C(N(c1ccc(F)cc1)C(C)C)COc2nnc(C(F)(F)F)s2	0	NA	0	VS	4.862	0.16	0	0
802	C87546187	O=C(OCCCCC)COc1cc(c(F)cc1Cl)n2c(O)c3C=CCCc3(c2(O))	0	NA	0	TS	5.137	0.184	0	0
803	C103361097	O=C1N(c2cc(c(F)cc2(OC1))n3c(O)c4C=CCCc4(c3(O)))CC#C	0	NA	0	TS	2.92	0.219	0	0
804	C117337196	O=C(OC)CSc3cc(N=C1N2N(C(=O)S1)CCCC2)c(F)cc3Cl	0	NA	0	VS	4.092	0.176	0	0
805	C143390890	O=C(OC)C(=NOC)c1ccccc1COc2ccccc2C	0	NA	0	TS	4.082	0.184	0	0
807	C23103982	O=C(Oc1nc(nc(c1C)C)N(C)C)N(C)C	0	NA	0	VS	2.811	0.138	0	0
808	C23031369	O=C(OC1C(=C(C(=O)C1)CC#C)C)C2C(C=C(C)C)C2(C)(C)	0	NA	0	VS	4.097	0.185	0	0
809	C96489713	O=C1C(=C(C=NN1C(C)(C)C)SCc2ccc(cc2)C(C)(C)C)Cl	0	NA	0	TS	4.623	0.148	0	0
810	C59669260	O=C(ON=C(C)SC)N(C)SN(C(=O)ON=C(C)SC)C	0	NA	0	TS	5.533	0.109	0	0
811	C64700567	O=C(OCCOCCCC)COc1nc(c(cc1Cl)Cl)Cl	0	NA	0	TS	5.966	0.138	0	0
812	C141517217	O=C(OC)C(=NOC)c1ccccc1CON=C(c2cccc(c2)C(F)(F)F)C	0	NA	0	VS	5.993	0.171	0	0
813	C156052685	O=C(NC(C(=O)CCl)(C)CC)c1cc(c(c(c1)Cl)C)Cl	0	NA	0	VS	3.6	0.159	0	0
814	C28772567	O=C1c5ccccc5(OC(O)=C1C(c2ccccc2)CC(O)c3ccc(cc3)c4ccc(cc4)Br)	0	NA	0	TS	4.868	0.192	0	0
815	C113136779	O=C(O)C2(C(=O)Nc1ccc(cc1Cl)Cl)(CC2)	0	NA	0	TS	3.339	0.158	0	0
817	C80844071	O(c1ccccc1)c2cccc(c2)COCC(c3ccc(OCC)cc3)(C)C	0	NA	0	TS	6.218	0.163	0	0
818	C13194484	O=P(OCC)(SCCC)SCCC	0	NA	0	TS	2.551	0.152	0	0
819	C98967409	O=S(=O)(Nc1c(F)cccc1(F))c2nc3nc(ccn3(n2))C	0	NA	0	TS	3.62	0.176	0	0
820	C112226616	O=C(NN(C(=O)c1ccccc1)C(C)(C)C)c2ccc(cc2)Cl	0	NA	0	VS	3.843	0.16	0	0
822	C161050584	O=C(NN(C(=O)c1cc(cc(c1)C)C)C(C)(C)C)c2cccc(OC)c2C	0	NA	0	TS	4.279	0.179	0	0
823	C1214397	N2=CNC(=NCc1ccccc1)c3nc[nH]c23	0	NA	0	TS	3.579	0.184	0	0
824	C77732093	O=C1OCCN1N(C(=O)COC)c2c(cccc2C)C	0	NA	0	TS	2.151	0.205	0	0
825	C123312890	O=C2NN=C(C)CN2(N=Cc1cnccc1)	0	NA	0	TS	3.562	0.158	0	0
826	C175013180	O=C(OC)N(OC)c1ccccc1COc2nn(cc2)c3ccc(cc3)Cl	0	NA	0	TS	5.247	0.183	0	0
827	C95737681	n1ccccc1OC(C)COc3ccc(Oc2ccccc2)cc3	0	NA	0	TS	5.687	0.162	0	0
828	C84087014	O=C(O)c1c2ncc(cc2(ccc1Cl))Cl	0	NA	0	TS	1.537	0.197	0	0
829	C122836355	O=C1N(N=C(N1C(F)F)C)c2cc(NS(=O)(=O)C)c(cc2Cl)Cl	0	NA	0	TS	3.115	0.182	0	0
830	C21564170	N#CSCSc2nc1ccccc1s2	0	NA	0	TS	3.108	0.172	0	0
831	C22248799	O=P(OC(=CCl)c1cc(c(cc1Cl)Cl)Cl)(OC)OC	4.11	3	1	TS	3.082	0.163	0	1
832	C51707552	O=C(N=C1C=NNS1)Nc2ccccc2	0	NA	0	TS	3.715	0.166	0	0
833	C131983727	OC2(C(=Cc1ccc(cc1)Cl)CCC2(C)(C))(Cn3ncnc3)	0	NA	0	VS	3.377	0.168	0	0
834	C66230044	N#CC(OC(=O)C(c1ccc(cc1)Cl)C(C)C)c3cccc(Oc2ccccc2)c3	0	NA	0	VS	5.314	0.182	0	0
835	C123343168	O=C(O)c1c(cccc1Sc2nc(OC)cc(n2)OC)Cl	0	NA	0	TS	3.365	0.189	1	0
836	C35400432	O(c1ccc(cc1)SC)P(OCC)(=S)SCCC	0	NA	0	VS	3.29	0.163	0	0
837	C26002802	O=C(OCc2cccc(Oc1ccccc1)c2)C3C(C=C(C)C)C3(C)(C)	0	NA	0	TS	5.606	0.17	0	0
838	C173584446	O=C(OC)N(C(=O)N2N=C3c1ccc(cc1CC3(OC2)(C(=O)OC))Cl)c4ccc(OC(F)(F)F)cc4	0	NA	0	TS	4.403	0.191	0	0
839	C1646873	O=C(ON=CC(C)(C)S(=O)C)NC	3.79	3	1	TS	3.723	0.076	0	1
840	C549188	c1ccc3c(c1)C(=CCCN(C)C)c2ccccc2CC3	0	NA	0	TS	2.827	0.184	0	0
842	C52806538	O=C(Nc1ccc(c(c1)C(F)(F)F)[N+](=O)[O-])C(O)(C)C	0	NA	0	TS	3.143	0.134	0	0
843	C58184	O=C4CC3=CCC2C(CCC1(C)(C2(CCC1(O)(C))))C3(C)CC4	0	NA	0	TS	1.816	0.196	0	0
845	C32809168	O=C2N(c1cc(cc(c1)Cl)Cl)C(=O)C3(C)(CC23(C))	0	NA	0	TS	2.294	0.195	0	0
846	C5329146	O=S(=O)(O)N	0	NA	0	TS	0.8	0	0	0
847	C566483	O=C2C(=O)C3CCC1C4CCC(=O)C4(C)(CCC1C3(C)(CC2))	0	NA	0	TS	1.79	0.205	0	0
848	C52868	O=C(c1ccc(F)cc1)CCCN3CCC(O)(c2ccc(cc2)Cl)CC3	0	NA	0	TS	5.699	0.155	0	0
849	C63612500	O=C1NC(C(=O)N1c2ccc(c(c2)C(F)(F)F)[N+](=O)[O-])(C)C	0	NA	0	TS	2.675	0.178	0	0
850	C82640048	O=C(c2ccc(OCCN1CCCCC1)cc2)c5c3ccc(O)cc3sc5(c4ccc(O)cc4)	0	NA	0	TS	5.416	0.182	0	0
851	C10540291	O(c1ccc(cc1)C(c2ccccc2)=C(c3ccccc3)CC)CCN(C)C	0	NA	0	TS	3.882	0.181	0	0
852	C10161338	O=C4CC3=CCC1=C(C=CC2(C)(C(O)CCC12))C3CC4	0	NA	0	TS	1.787	0.203	0	0
853	C29091212	O=[N+]([O-])c1cc(c(N)c(c1N(CCC)CCC)[N+](=O)[O-])C(F)(F)F	0	NA	0	VS	2.109	0.197	0	0
854	C118134308	O1CC(OC12(CCC(CC2)C(C)(C)C))CN(CC)CCC	0	NA	0	TS	3.615	0.155	0	0
855	C119168773	O=C(NCc1ccc(cc1)C(C)(C)C)c2c(c(nn2C)CC)Cl	0	NA	0	TS	4.831	0.17	0	0
856	C119515387	O=C(OC(C)CC)N1CCCCC1CCO	0	NA	0	VS	3.071	0.171	0	0
857	C101100	O=C(O)C(Oc1cccc(c1)Cl)C	0	NA	0	TS	2.87	0.13	0	0
858	C470906	O=P(OC(=CCl)c1ccc(cc1Cl)Cl)(OCC)OCC	0	NA	0	VS	3.333	0.186	0	0
859	C149979419	O=C1CC(CC(=O)C1C(=NOCC=CCl)CC)C2CCOCC2	0	NA	0	TS	3.844	0.184	0	0
861	C104098488	O=C(O)c2cc(cnc2(C1=NC(=O)C(N1)(C)C(C)C))C	0	NA	0	TS	2.664	0.175	2	0
862	C122883	O=C(O)COc1ccc(cc1)Cl	0	NA	0	TS	2.95	0.122	1	0
863	C135410207	N#CN=C(N(C)Cc1cnc(cc1)Cl)C	0	NA	0	TS	3.474	0.143	0	0
864	C81406373	O=C(OC(C)CCCCCC)COC=1NC(F)=C(C(=N)C=1Cl)Cl	0	NA	0	TS	5.84	0.149	0	0
865	C103055078	O=C(NC(=O)c1c(F)cccc1(F))Nc2cc(c(OC(F)(F)C(F)C(F)(F)F)cc2Cl)Cl	0	NA	0	TS	6.002	0.167	0	0
866	C134605644	O=C(OC(C(=O)OCC=C)(C)C)c1cc(ccc1Cl)N2C(=O)C=C(N(C2(=O))C)C(F)(F)F	0	NA	0	VS	4.963	0.17	0	0
867	C3734336	O=C(Nc1c(cccc1C)C)C[N+](Cc2ccccc2)(CC)CC	0	NA	0	TS	4.522	0.179	0	0
868	C125401925	O=C(O)c3c(Oc1nc(OC)cc(n1)OC)cccc3(Oc2nc(OC)cc(n2)OC)	0	NA	0	TS	4.587	0.191	2	0
869	C188425856	O=C(Nc2ccccc2(c1ccc(cc1)Cl))c3cccnc3Cl	0	NA	0	VS	3.982	0.181	0	0
870	C69327760	O=C2N(c1ccccc1)CSC(=NC(C)(C)C)N2C(C)C	0	NA	0	TS	2.592	0.178	0	0
871	C23184669	O=C(N(c1c(cccc1CC)CC)COCCCC)CCl	0	NA	0	TS	3.19	0.188	0	0
872	C210880925	O=[N+]([O-])NC(=NC)NCc1cnc(Cl)s1	0	NA	0	VS	3.755	0.149	0	0
873	C125116236	OC3(Cn1ncnc1)(C(Cc2ccc(cc2)Cl)CCC3(C)(C))	0	NA	0	TS	3.377	0.168	0	0
874	C122008859	N#Cc2ccc(Oc1ccc(OC(C(=O)OCCCC)C)cc1)c(F)c2	0	NA	0	VS	5.548	0.154	0	0
875	C145701219	O=S(=O)(Nc1c(cccc1Cl)Cl)c2nc3cc(F)nc(OCC)n3(n2)	0	NA	0	TS	3.808	0.187	0	0
876	C23564069	O=C(OCC)NC(Nc1ccccc1(NC(NC(=O)OCC)=S))=S	0	NA	0	VS	5.169	0.163	0	0
877	C165252700	O=[N+]([O-])NC(=NC)NCC1COCC1	0	NA	0	TS	3.581	0.148	0	0
878	C26225796	O=S(=O)(Oc1ccc2OC(OCC)C(c2(c1))(C)C)C	0	NA	0	TS	2.678	0.173	0	0
879	C2122705	O=C(OCC)Cc2cccc1ccccc12	0	NA	0	VS	2.913	0.184	0	0
880	C153233911	Fc1cccc(F)c1C3=NC(c2ccc(cc2(OCC))C(C)(C)C)CO3	0	NA	0	TS	3.672	0.183	0	0
881	C131807573	O=C4OC(c2ccc(Oc1ccccc1)cc2)(C(=O)N4(Nc3ccccc3))C	0	NA	0	TS	4.439	0.185	0	0
882	C71283802	O=C(OCC)C(Oc3ccc(Oc1nc2ccc(cc2(o1))Cl)cc3)C	0	NA	0	TS	5.043	0.169	0	0
883	C67564914	O1C(C)CN(CC1C)CC(C)Cc2ccc(cc2)C(C)(C)C	0	NA	0	VS	4.735	0.154	0	0
884	C120068373	N#CC=1NN(C(=N)C=1S(=O)C(F)(F)F)c2c(cc(cc2Cl)C(F)(F)F)Cl	0	NA	0	VS	3.233	0.177	0	0
886	C181274179	O=C(NS(=O)(=O)c1ccccc1(OC(F)(F)F))N2N=C(OC)N(C2(=O))C	0	NA	0	TS	4.482	0.177	0	0
887	C188489078	O=C(OCC)COc1cc(c(F)cc1Cl)N2N=CC(=C(C2(=O))C)C(F)(F)F	0	NA	0	TS	4.034	0.169	0	0
888	C361377299	Fc2c(ncnc2(Oc1ccccc1Cl))Oc4ccccc4(C(=NOC)C3=NOCCO3)	0	NA	0	TS	5.07	0.193	0	0
889	C69377817	O=C(O)COC=1NC(F)=C(C(=N)C=1Cl)Cl	5.49	3	1	TS	2.705	0.148	1	1
890	C68157608	O=C(N=C1C=CNC(=C1)Cl)Nc2ccccc2	0	NA	0	TS	3.993	0.163	0	0
891	C79983714	OC(c1ccc(cc1Cl)Cl)(Cn2ncnc2)CCCC	0	NA	0	TS	2.548	0.181	0	0
892	C114311329	O=C(O)c2cc(cnc2(C1=NC(=O)C(N1)(C)C(C)C))COC	0	NA	0	TS	2.825	0.178	2	0
893	C81334341	O=C(O)c2cccnc2(C1=NC(C(=O)N1)(C)C(C)C)	0	NA	0	TS	2.655	0.178	2	0
894	C144550367	O=C(N=C1N=C(OC)NC(=N1)C)NS(=O)(=O)c2cc(ccc2(C(=O)OC))I	0	NA	0	TS	4.971	0.18	0	0
895	C125225287	OC3(Cn1ncnc1)(C(Cc2ccc(cc2)Cl)CCC3(C(C)C))	0	NA	0	TS	3.262	0.182	0	0
896	C42509808	n1c(nn(c1Cl)C(C)C)OP(OCC)(OCC)=S	0	NA	0	VS	3.205	0.181	0	0
898	C210631688	O=C(C1=CNN(C1(=O))C)c3ccc(c(C2=NOCC2)c3C)S(=O)(=O)C	0	NA	0	TS	3.037	0.19	0	0
899	C141112290	O=C(c1cnoc1C2CC2)c3ccc(cc3S(=O)(=O)C)C(F)(F)F	0	NA	0	TS	3.126	0.162	0	0
900	C2444464	O=C(NCc1ccc(O)c(OC)c1)CCCCCCCC	0	NA	0	TS	6.058	0.142	0	0
901	C116714466	O=C(NC(=O)c1c(F)cccc1(F))Nc2ccc(OC(F)(F)C(F)OC(F)(F)F)c(c2)Cl	0	NA	0	TS	6.414	0.162	0	0
902	C57018049	O(c1c(cc(cc1Cl)C)Cl)P(OC)(OC)=S	0	NA	0	VS	2.66	0.16	0	0
903	C5259881	O=C(Nc1ccccc1)C2=C(OCCS2(=O)(=O))C	0	NA	0	TS	3.275	0.182	0	0
904	C219714962	O=S(=O)(N=C1N=C2C(OC)=CN=C(OC)N2(N1))c3c(OCC(F)F)cccc3C(F)(F)F	0	NA	0	TS	4.291	0.187	0	0
905	C6923224	O=C(C=C(OP(=O)(OC)OC)C)NC	0	NA	0	VS	3.41	0.126	0	0
906	C35575963	O=C2Oc1cc(cnc1N2CSP(=O)(OC)OC)Cl	0	NA	0	TS	3.419	0.163	0	0
907	C25606411	O=C(OCCC)NCCCN(C)C	0	NA	0	TS	4.489	0.106	0	0
908	C79241466	O=C(OCCCC)C(Oc2ccc(Oc1ncc(cc1)C(F)(F)F)cc2)C	0	NA	0	VS	5.801	0.14	0	0
909	C181274157	O=C(OC)c1ccccc1S(=O)(=O)NC(=O)N2N=C(OCCC)N(C2(=O))C	0	NA	0	TS	4.654	0.185	0	0
910	C129630199	O=C(OCC)COc1cc(c(F)cc1Cl)c2nn(c(OC(F)F)c2Cl)C	0	NA	0	TS	4.056	0.177	0	0
911	C1698608	O=C1C(=C(N)C=NN1c2ccccc2)Cl	0	NA	0	TS	2.178	0.177	0	0
912	C53112280	N(c1ccccc1)=C2N=C(C=C(N2)C)C	0	NA	0	TS	2.941	0.17	0	0
913	C124495187	Fc3ccc(Oc2ccnc1cc(cc(c12)Cl)Cl)cc3	0	NA	0	TS	3.121	0.188	0	0
914	C98886443	O=C1N(CCS1)P(=O)(OCC)SC(C)CC	0	NA	0	TS	2.392	0.185	0	0
915	C112410238	O=C(NN(C(=O)c1cc(cc(c1)C)C)C(C)(C)C)c2ccc(cc2)CC	0	NA	0	TS	4.24	0.166	0	0
916	C112281773	FC(F)C(F)(F)OCC(c1ccc(cc1Cl)Cl)Cn2ncnc2	0	NA	0	VS	3.261	0.143	0	0
917	C111988499	N#CN=C2N(Cc1cnc(cc1)Cl)CCS2	0	NA	0	VS	3.239	0.172	0	0
918	C153719234	O=[N+]([O-])N=C1N(C)COCN1Cc2cnc(Cl)s2	0	NA	0	TS	3.063	0.174	0	0
919	C87820880	O=C2CC(c1c(cc(cc1C)C)C)CC(=O)C2C(=NOCC)CC	0	NA	0	TS	3.291	0.202	0	0
920	C81741288	CCCCCCCCCCCCCC[P+](CCCC)(CCCC)CCCC	0	NA	0	TS	7.599	0.145	0	0
923	C525791	N2=CNC(=NCc1occc1)c3nc[nH]c23	0	NA	0	VS	3.363	0.187	0	0
924	C584792	O=C(OC1C(=C(C(=O)C1)CC=C)C)C2C(C=C(C)C)C2(C)(C)	0	NA	0	TS	4.097	0.185	0	0
925	C824395	O=[N+]([O-])c1ccccc1(O)	0	NA	0	TS	1.563	0.16	0	0
926	C25155184	O(c1ccc(c(c1)C)C(C)(C)CC(C)(C)C)CCOCC[N+](C)(C)Cc2ccccc2	0	NA	0	TS	7.881	0.156	0	0
927	C5333426	OCC(CCCCCCCC)CCCCCCCCCC	0	NA	0	TS	7.025	0.124	0	0
928	C2687947	O=C1N(CCC1)CCCCCCCC	0	NA	0	TS	4.664	0.14	0	0
929	C3896115	Oc1c(cc(cc1C(C)(C)C)C)n2nc3ccc(cc3(n2))Cl	0	NA	0	TS	2.907	0.183	0	0
931	C57852	O=C(OC2CCC3C4CC=C1CC(=O)CCC1(C)C4(CCC23(C)))CC	0	NA	0	VS	2.584	0.194	0	0
933	C19774824	O=C(c1cc(c(OCCN(CC)CC)c(c1)I)I)c2c3ccccc3(oc2CCCC)	0	NA	0	TS	4.839	0.188	0	0
934	C15307796	O=C(O)Cc2ccccc2(Nc1c(cccc1Cl)Cl)	0	NA	0	VS	3.269	0.174	4	0
935	C1434544	N#CC2CC3C4CC=C1CC(O)CCC1(C)C4(CCC3(C)(C2(C(=O)C)))	0	NA	0	TS	2.05	0.221	0	0
936	C6190654	N=C1N=C(NC(=NC(C)C)N1)Cl	0	NA	0	VS	2.257	0.158	0	0
937	C1007289	N=C1N=C(NC(=NCC)N1)Cl	0	NA	0	TS	1.945	0.172	0	0
938	C2642719	O=C1c2ccccc2(N=NN1CSP(OCC)(OCC)=S)	0	NA	0	TS	3.857	0.184	0	0
939	C1031078	O=S1(=O)(OCC2C(CO1)C3(C(=C(C2(C3(Cl)Cl)Cl)Cl)Cl)Cl)	0	NA	0	TS	1.417	0.207	0	0
940	C101428	O=C(Nc1ccccc1)N(C)C	0	NA	0	VS	2.815	0.127	0	0
941	C102851069	N#CC(OC(=O)C(Nc1ccc(cc1Cl)C(F)(F)F)C(C)C)c3cccc(Oc2ccccc2)c3	0	NA	0	TS	6.191	0.167	0	0
942	C55814410	O=C(Nc1cccc(OC(C)C)c1)c2ccccc2C	0	NA	0	TS	4.025	0.17	0	0
943	C1113026	O=C(NC)CSP(=O)(OC)OC	0	NA	0	TS	3.06	0.097	0	0
944	C527208	Nc1c(c(c(c(c1Cl)Cl)Cl)Cl)Cl	0	NA	0	TS	0.873	0.166	0	0
945	C29420493	O=S(=O)(O)C(F)(F)C(F)(F)C(F)(F)C(F)(F)F	0	NA	0	TS	2.476	0.114	0	0
946	C27955948	Oc1ccc(cc1)C(c2ccc(O)cc2)(c3ccc(O)cc3)C	0	NA	0	TS	2.019	0.176	0	0
947	C1987504	Oc1ccc(cc1)CCCCCCC	0	NA	0	TS	4.243	0.131	0	0
948	C1478611	FC(F)(F)C(c1ccc(O)cc1)(c2ccc(O)cc2)C(F)(F)F	0	NA	0	VS	2.019	0.2	0	0
949	C1143722	O=C(c1ccccc1)c2ccc(O)c(O)c2(O)	4.31	3	1	TS	2.748	0.176	0	1
950	C122372	Oc1ccc(cc1)Nc2ccccc2	0	NA	0	TS	2.952	0.155	0	0
951	C134849	O=C(c1ccccc1)c2ccc(cc2)C	0	NA	0	TS	2.758	0.164	0	0
952	C87183	O=C(Oc1ccc(cc1)C(C)(C)C)c2ccccc2(O)	0	NA	0	VS	3.967	0.154	0	0
953	C4638486	O=C(Nc1ccccc1)c2cc(ccc2(O))Cl	0	NA	0	VS	3.355	0.171	0	0
954	C65405778	O=C(OCCC=CCC)c1ccccc1(O)	0	NA	0	TS	4.427	0.152	0	0
955	C744456	O=C(Oc1ccccc1)c2cccc(c2)C(=O)Oc3ccccc3	0	NA	0	TS	4.751	0.17	0	0
956	C101371	n1c(nc(nc1OCC=C)OCC=C)OCC=C	0	NA	0	VS	2.434	0.16	0	0
957	C3397624	N=C1N=C(NC(=N)N1)Cl	0	NA	0	TS	0.95	0.16	0	0
959	C6515384	O=C1NC(=C(C=C1Cl)Cl)Cl	0	NA	0	TS	1.047	0.142	0	0
960	C3739386	O=C(O)c2cccc(Oc1ccccc1)c2	0	NA	0	TS	3.168	0.16	2	0
961	C97529	O=[N+]([O-])c1ccc(N)c(OC)c1	0	NA	0	TS	1.768	0.155	0	0
962	C2050466	O(c1ccccc1(OCC))CC	0	NA	0	TS	2.113	0.187	0	0
963	C2312734	N2=CNC(=NCc1ccccc1)c3ncn(c23)C4OCCCC4	0	NA	0	TS	3.942	0.192	0	0
964	C2760987	O=C(NN)c1cccc(c1)C(=O)NN	0	NA	0	TS	2.465	0.155	0	0
965	C2835689	O=C(N)c1ccc(N)cc1	0	NA	0	TS	1.74	0.129	0	0
966	C4196898	O=C(OCC(C)(C)COC(=O)c1ccccc1)c2ccccc2	0	NA	0	TS	5.678	0.146	0	0
967	C132547	O=C(Oc1ccccc1)c2ccc3ccccc3(c2(O))	0	NA	0	TS	3.472	0.189	0	0
968	C135626	O=C(Nc1ccccc1(OC))c2cc3ccccc3(cc2(O))	0	NA	0	VS	3.752	0.192	0	0
969	C2321075	O=C4OC2(c3ccc(O)cc3(Oc1cc(O)ccc12))c5ccccc45	0	NA	0	TS	1.51	0.227	0	0
970	C2390605	c1ccc2c(c1)c(ccc2C(c3ccc(cc3)N(CC)CC)=C4C=CC(C=C4)=[N+](CC)CC)NCC	0	NA	0	TS	2.84	0.203	0	0
971	C4162452	OCCOc1c(cc(cc1Br)C(c2cc(c(OCCO)c(c2)Br)Br)(C)C)Br	0	NA	0	VS	3.892	0.178	0	0
972	C6259763	O=C(O)c1ccccc1(OCCCCCC)	0	NA	0	TS	4.12	0.156	1	0
974	C116063	O=C(ON=CC(C)(C)SC)NC	0	NA	0	TS	3.646	0.079	0	0
976	C4376185	O=C(O)c1ccccc1(C(=O)OC)	0	NA	0	TS	1.966	0.178	0	0
977	C131704	O=C(O)c1ccccc1(C(=O)OCCCC)	0	NA	0	TS	3.342	0.167	1	0
978	C107584	O=C(C=C)NC(C)(C)C	0	NA	0	TS	2.359	0.098	0	0
979	C1617909	O=C(OC)C4(O)(n2c1ccccc1c3c2C5N(CC3)CCCC5(CC)(C4))	0	NA	0	TS	1.292	0.237	0	0
980	C497767	Oc2ccc(OC1OC(CO)C(O)C(O)C1(O))cc2	0	NA	0	TS	3.092	0.171	0	0
981	C199119589	O=C(N=C1N=C(OC)C=C(OC)N1)NS(=O)(=O)c2ncccc2(OCC(F)(F)F)	0	NA	0	TS	5.505	0.163	0	0
982	C91634	n1c2ccccc2(ccc1C)	0	NA	0	TS	1.207	0.177	0	0
983	C1982474	O=C(Nc2ccc(Oc1ccc(cc1)Cl)cc2)N(C)C	0	NA	0	TS	4.181	0.14	0	0
984	C4684940	O=C(O)c1nc(ccc1)Cl	0	NA	0	TS	1.686	0.143	0	0
986	C163520330	O=C(OCC)C3=NOC(c1ccccc1)(c2ccccc2)C3	0	NA	0	VS	2.407	0.198	0	0
987	C50657	O=C(Nc1ccc(cc1Cl)[N+](=O)[O-])c2cc(ccc2(O))Cl	0	NA	0	TS	3.859	0.166	0	0
988	C83657243	OC(C(=Cc1ccc(cc1Cl)Cl)n2ncnc2)C(C)(C)C	0	NA	0	TS	3.035	0.158	0	0
989	C140567	O=S(=O)(O)N=Nc1ccc(cc1)N(C)C	0	NA	0	TS	3.372	0.113	0	0
990	C133855988	Fc1ccc(cc1)C3(OC3(c2ccccc2Cl))(Cn4ncnc4)	0	NA	0	TS	2.483	0.186	0	0
991	C66575299	O=C(OC2C(O)C1C(C)(C)CCC(O)C1(C)C3(O)(C(=O)CC(OC23(C))(C=C)C))C	5.55	4.96	1	TS	1.34	0.22	0	1
992	C27306781	O(C)CCOCCC[Si](O[Si](C)(C)C)(O[Si](C)(C)C)C	0	NA	0	TS	4.39	0.131	0	0
993	C153559490	O=C(O)c1ccc(cc1)C(=C)c2cc3c(cc2C)C(C)(C)CCC3(C)C	0	NA	0	TS	3.518	0.17	2	0
994	C366187	n1ccccc1c2ncccc2	0	NA	0	TS	2.113	0.176	0	0
995	C882097	O=C(O)C(Oc1ccc(cc1)Cl)(C)C	4.56	3	1	VS	2.852	0.115	1	1
996	C67732	O=C5C=CC3(C(=C(F)CC2C4CC1OC(OC1(C(=O)CO)C4(C)(CC(O)C23(F)))(C)C)C5)(C)	0	NA	0	TS	2.055	0.231	0	0
997	C98737	O=C(O)c1ccc(cc1)C(C)(C)C	0	NA	0	TS	2.215	0.122	0	0
998	C33228443	Nc1ccc(cc1)CCCCC	0	NA	0	TS	3.164	0.134	0	0
1000	C6358641	O(c1cc(c(OC)cc1(N))Cl)C	0	NA	0	TS	1.512	0.179	0	0
1001	C97369	O=C(Nc1ccc(cc1C)C)CC(=O)C	0	NA	0	TS	3.288	0.152	0	0
1002	C5930289	Oc1c(cc(N)cc1Cl)Cl	0	NA	0	VS	0.962	0.153	0	0
1003	C22978252	O=C(Nc1ccccc1)c2cc(ccc2Cl)[N+](=O)[O-]	0	NA	0	TS	3.51	0.165	0	0
1004	C605458	O=C(OC(C)C)c1ccccc1(C(=O)OC(C)C)	0	NA	0	TS	3.159	0.169	0	0
1005	C79558091	O=C(O)COc2ccc(OCCCOc1ccc(C(=O)C)c(O)c1CCC)cc2	6.18	7.86	1	VS	6.944	0.165	0	1
1006	C68962	O=C4CC3=CCC2C(CCC1(C)(C2(CCC1(O)(C(=O)C))))C3(C)CC4	0	NA	0	TS	2.035	0.202	0	0
1007	C35661600	O=C(OCC2c3ccccc3(c1ccccc12))NC(C(=O)O)CC(C)C	4.42	3	1	TS	4.999	0.189	2	1
1008	C102121608	O=C(O)c1ccc(cc1)NC(=O)c2ccc3c(c2)C(C)(C)CCC3(C)C	0	NA	0	TS	4.305	0.164	1	0
1009	C317318846	O=C(O)COc1ccc(cc1C)SCc3c(nc(c2ccc(c(F)c2)C(F)(F)F)s3)C	6.57	8.71	1	TS	5.824	0.161	1	1
1011	C654055013	O=C1C(O)=C(Oc2cc(O)cc(O)c12)c3ccc(O)cc3(O)	0	NA	0	TS	2.487	0.201	0	0
1014	C25211863	O=P(O)(O)C(O)(C)P(=O)(O)O	0	NA	0	TS	1.742	0.074	0	0
1015	C85532758	O=C(c1nc(c2ccccc2(c1))c3ccccc3Cl)N(C)C(C)CC	0	NA	0	VS	3.088	0.185	0	0
1016	C80214831	O=C3OC(CC)C(O)(C)C(O)C(C(=NOCOCCOC)C(C)CC(O)(C)C(OC1OC(C)CC(N(C)C)C1(O))C(C)C(OC2OC(C)C(O)C(OC)(C)C2)C3C)C	0	NA	0	VS	3.4	0.177	0	0
1017	C129298915	O=C(OC2CCC1(OC1)C(C2(OC))C3(OC3(CC=C(C)C))(C))NC(=O)CCl	0	NA	0	TS	4.001	0.168	0	0
1018	C373499	Oc1[nH]c(O)c2c1CC=CC2	0	NA	0	VS	1.027	0.202	0	0
1019	C1469483	N=C1N=C(OC)NC(=N1)C	0	NA	0	TS	1.408	0.167	0	0
1020	C1668548	N#CCCCC(C#N)CCC#N	0	NA	0	TS	3.449	0.13	0	0
1021	C1772254	O=C(OCC(C)(C)C(OC(=O)c1ccccc1)C(C)C)c2ccccc2	0	NA	0	TS	5.095	0.164	0	0
1022	C68052233	O=C(c1ccccc1)CC(=O)c2ccccc2	0	NA	0	TS	3.756	0.167	0	0
1023	C120467	Oc1cc(c(O)cc1C(C)(C)C)C(C)(C)C	0	NA	0	TS	2.052	0.155	0	0
1024	C88584	Oc1c3ccccc3(c(O)c2c(ccc(N=C(C)C)c12)NC(C)C)	0	NA	0	TS	1.71	0.205	0	0
1025	C14233375	O=C1c3ccccc3(C(=O)c2c(N)ccc(N)c12)	0	NA	0	TS	1.341	0.224	0	0
1026	C128950	O=C(OCC)c1nc(n(n1)c2ccc(cc2Cl)Cl)C(Cl)(Cl)Cl	0	NA	0	VS	2.621	0.174	0	0
1027	C103112352	O=C(O)C1=CC(=O)N(N1)c2ccc(cc2)S(=O)(=O)O	0	NA	0	VS	3.06	0.154	1	0
1028	C118478	O=C(OCC(O)CO)CCCCCCCCCCC	0	NA	0	TS	6.92	0.11	0	0
1029	C142187	O=C(OCCOC1CC3CC1C2C=CCC23)C(=C)C	4.01	3	1	TS	4.719	0.172	0	1
1031	C68169039	O=C(c1ccc(O)cc1(O))c2ccc(O)cc2(O)	6.77	3	1	TS	2.891	0.18	0	1
1032	C131555	O=C(O)c1ncccc1(C(=O)O)	0	NA	0	TS	1.711	0.175	0	0
1033	C89009	O=C(OCC)COc1ccc(cc1Cl)Cl	0	NA	0	VS	3.601	0.147	0	0
1034	C533233	O=C(OC)COc1ccc(cc1Cl)Cl	0	NA	0	TS	3.201	0.135	0	0
1035	C1928387	O=C1NC(=O)C(N1)(C)CC	0	NA	0	TS	1.265	0.165	0	0
1036	C5394365	OCCOCCOCCOCCOCCOC	0	NA	0	TS	6.909	0.114	0	0
1037	C23778521	Oc1c(cc(OC)cc1C(C)(C)C)C(C)(C)C	0	NA	0	VS	1.828	0.159	0	0
1038	C489010	O=C(c1ccc2ccccc2(c1))C	0	NA	0	TS	1.762	0.168	0	0
1039	C93083	O=C(Nc1ccccc1)CCl	0	NA	0	TS	2.612	0.14	0	0
1040	C587655	O=C1Oc2cc(OC)cc(OC)c2(C=C1)	0	NA	0	VS	1.42	0.194	0	0
1041	C487069	O=C2Oc1cc(ccc1C(=C2)C)N(C)C	0	NA	0	TS	1.803	0.175	0	0
1042	C87014	O=C1c3ccccc3(C(=O)c2cc(ccc12)C)	0	NA	0	TS	1.393	0.21	0	0
1043	C84548	OCC=Cc1ccccc1	0	NA	0	VS	2.593	0.147	0	0
1045	C104541	Oc1cc(c(cc1C(C)(C)C)C(C)(C)C)C	0	NA	0	TS	1.967	0.152	0	0
1046	C497392	Oc1ccc(cc1C2CCCC2)Cl	0	NA	0	TS	1.977	0.181	0	0
1047	C13347427	O=C(N)Nc1ccc(cc1)Cl	4.45	3	1	TS	2.349	0.137	0	1
1048	C140385	O=C(c1cc2c(cc1C)C(C)(C)C(C)CC2(C)C)C	0	NA	0	TS	1.634	0.179	0	0
1049	C21145777	O=C(O)CCCCCCCC=CCC(O)CCCCCC	0	NA	0	TS	7.892	0.111	1	0
1050	C141220	O=C(Oc2cccc1c2(OC(C)(C)C1))N(C)SN(CCC(=O)OCC)C(C)C	5.11	3	1	TS	5.714	0.16	0	1
1051	C82560541	O=C(Nc1ccccc1)c2ccccc2I	0	NA	0	TS	3.309	0.173	0	0
1052	C15310017	O=C(Nc1ccccc1SSc3ccccc3(NC(=O)c2ccccc2))c4ccccc4	0	NA	0	TS	6.178	0.178	0	0
1054	C827214	O=S(=O)(O)c1cc(ccc1C)C	0	NA	0	TS	1.671	0.152	0	0
1055	C609541	O=Cc1ccccc1S(=O)(=O)O	0	NA	0	TS	1.707	0.169	0	0
1056	C1008726	O=C(OC)c1c(O)c(c(O)cc1C)C	0	NA	0	VS	1.772	0.185	0	0
1057	C4707475	N#Cc1ccccc1(O)	0	NA	0	TS	1.358	0.159	0	0
1058	C611201	O=C(OCc1ccccc1)C=Cc2ccccc2	0	NA	0	TS	5.006	0.149	0	0
1059	C103413	c1ccc(cc1)C[N+](C)(C)CCCCCCCCCCCCCCCC	0	NA	0	VS	9.116	0.133	0	0
1061	C35256850	CCCCCCCCCCCCCCCC[N+](C)(C)CC	0	NA	0	TS	8.177	0.105	0	0
1063	C99607702	O=S(=O)(c1ccccc1)c2ccccc2	0	NA	0	TS	2.451	0.174	0	0
1064	C127639	O=C(NC(=O)c1c(F)cccc1(F))Nc3ccc(Oc2ccc(cc2Cl)C(F)(F)F)cc3(F)	0	NA	0	TS	6.4	0.171	0	0
1065	C101463698	O=C(Nc1cccc(c1)C(F)(F)F)c2cc(cc(c2(O))Br)Br	0	NA	0	TS	4.059	0.163	0	0
1067	C26402266	O=C(OCC(O)CO)CCCCCCC	0	NA	0	TS	5.088	0.105	0	0
1068	C97789	O=C(O)CN(C(=O)CCCCCCCCCCC)C	5.05	3	1	TS	6.641	0.12	1	1
1069	C499752	Oc1cc(ccc1C)C(C)C	0	NA	0	TS	1.696	0.135	0	0
1070	C58769203	O=C(OCc1coc(c1)Cc2ccccc2)C4C(=CC3C(=O)SCC3)C4(C)(C)	0	NA	0	TS	6.138	0.172	0	0
1071	C59227893	O=C1N(CCCCC1)CCCCCCCCCCCC	0	NA	0	VS	6.75	0.138	0	0
1072	C110235477	C(#CC)C2=NC(=Nc1ccccc1)NC(=C2)C	6.22	6.77	1	TS	3.145	0.176	0	1
1074	C877247	O=C(O)c1ccccc1(C(=O)O)	0	NA	0	TS	1.711	0.175	0	0
1075	C1541817	O1CCN(CC1)CCCCCCCCCCCC	0	NA	0	TS	6.622	0.134	0	0
1076	C109466	N(C(NCCCC)=S)CCCC	0	NA	0	TS	4.115	0.112	0	0
1077	C4107986	c1ccc(cc1)N(C(C)C)C(C)C	0	NA	0	TS	2.034	0.183	0	0
1078	C2605790	[O-][N+](C)(C)CCCCCCCCCC	0	NA	0	TS	5.339	0.093	1	0
1079	C534134	N(C(NC)=S)C	0	NA	0	TS	1.745	0.048	0	0
1080	C1907659	O=S(=O)(NCCCC)c1ccc(cc1)C	0	NA	0	TS	3.215	0.135	0	0
1081	C2687969	O=C1N(CCC1)CCCCCCCCCCCC	0	NA	0	TS	6.595	0.137	0	0
1082	C29836268	OCC1OC(OCCCCCCCC)C(O)C(O)C1(O)	0	NA	0	TS	5.114	0.159	0	0
1083	C578541	Nc1ccccc1CC	0	NA	0	TS	1.358	0.159	0	0
1084	C110258	O=C(O)CN(C(=O)CCCCCCCC=CCCCCCCCC)C	5.77	5.69	1	TS	9.418	0.122	1	1
1085	C17781316	OC(c1cnccc1)(c2ccc(cc2)Cl)c3ccc(cc3)Cl	0	NA	0	TS	2.11	0.184	0	0
1087	C2934056	Oc1ccc(cc1C(C)C)C(C)C	0	NA	0	TS	1.873	0.153	0	0
1088	C103606	O=C(OCCOc1ccccc1)C(C)C	0	NA	0	VS	4.625	0.121	0	0
1089	C34643464	O(c1ccc(cc1Cl)Cl)P(OCC)(=S)SCCC	0	NA	0	TS	3.102	0.166	0	0
1090	C2110181	n1ccccc1CCCc2ccccc2	0	NA	0	VS	4.13	0.155	0	0
1091	C81889	O=C(O)c1ccccc1c3c4ccc(cc4([o+]c2cc(ccc23)N(CC)CC))N(CC)CC	0	NA	0	TS	2.256	0.204	0	0
1092	C130143	O=S(=O)(O)c2cccc1ccccc12	0	NA	0	TS	1.696	0.181	0	0
1093	C126147	O=C(OCC2OC(OC1(OC(COC(=O)C)C(OC(=O)C)C1(OC(=O)C))(COC(=O)C))C(OC(=O)C)C(OC(=O)C)C2(OC(=O)C))C	0	NA	0	TS	3.723	0.166	0	0
1094	C59405	O=S(=O)(N=C1C=Nc2ccccc2(N1))c3ccc(N)cc3	0	NA	0	TS	3.683	0.169	0	0
1095	C5138181	O=C(O)CC(C(=O)O)S(=O)(=O)O	0	NA	0	TS	2.089	0.139	0	0
1096	C4065456	O=C(c1ccccc1)c2cc(c(OC)cc2(O))S(=O)(=O)O	0	NA	0	TS	2.877	0.18	2	0
1097	C1918189	O=C(OC)Nc1ccc(c(c1)Cl)Cl	0	NA	0	VS	2.652	0.136	0	0
1098	C83121180	O=C(NC(=O)c1c(F)cccc1(F))Nc2cc(c(F)c(c2(F))Cl)Cl	0	NA	0	VS	4.838	0.182	0	0
1099	C589684	O=C(OCC(O)CO)CCCCCCCCCCCCC	0	NA	0	TS	7.826	0.111	0	0
1101	C2398961	O(c1ccc2ccccc2(c1))C(N(c3cccc(c3)C)C)=S	0	NA	0	TS	4.298	0.176	0	0
1102	C731271	O=S(=O)(N(c1ccc(cc1)C)SC(F)(Cl)Cl)N(C)C	0	NA	0	TS	2.228	0.136	0	0
1103	C64108	O=C(N)Nc1ccccc1	0	NA	0	TS	2.298	0.146	0	0
1104	C69932	O=C1NC(=O)C=2NC(=O)NC=2(N1)	0	NA	0	VS	1.208	0.195	0	0
1105	C17321776	c1ccc3c(c1)N(c2cc(ccc2CC3)Cl)CCCN(C)C	0	NA	0	TS	2.763	0.179	0	0
1106	C4449518	OC6CC5=CCC4C3C(=C(C)C2(OC1CC(C)CNC1C2(C))(CC3))CC4C5(C)CC6	0	NA	0	VS	2.711	0.214	0	0
1108	C4559868	O=C(N(CCCC)CCCC)N(CCCC)CCCC	0	NA	0	TS	3.275	0.156	0	0
1109	C630568	O=C(OC3(C(=O)C)(CCC2C4CC=C1CC(=O)CCC1(C)C4(CCC23(C))))CCCCC	0	NA	0	TS	3.39	0.2	0	0
1110	C2528167	O=C(O)c2ccccc2(C(=O)OCc1ccccc1)	0	NA	0	TS	4.066	0.173	2	0
1111	C2591868	O=CN1CCCCC1	0	NA	0	TS	1.481	0.145	0	0
1112	C111171	O=C(O)CCSCCC(=O)O	0	NA	0	TS	4.143	0.085	0	0
1113	C111974722	OCCOCCN4CCN(C2=Nc1ccccc1Sc3ccccc23)CC4	0	NA	0	TS	3.973	0.183	0	0
1114	C112529154	O=C3NC(O)=C(Cc2ccc(OCCc1ncc(cc1)CC)cc2)S3	5.3	5.64	1	TS	5.819	0.166	0	1
1115	C117976906	O=S(c1nc2ccccc2([nH]1))Cc3nccc(OCCCOC)c3C	0	NA	0	TS	4.883	0.175	0	0
1116	C138786671	O=S(c1nc2cc(OC(F)F)ccc2([nH]1))Cc3nccc(OC)c3(OC)	0	NA	0	TS	4.515	0.191	0	0
1117	C83881521	O=C(O)COCCN1CCN(CC1)C(c2ccccc2)c3ccc(cc3)Cl	0	NA	0	TS	4.378	0.165	0	0
1120	C6192525	O=S(=O)(O)c1ccc(cc1)C	0	NA	0	VS	1.833	0.118	0	0
1121	C145701231	O=S(=O)(Nc1c(F)cccc1(F))c2nc3c(F)cnc(OC)n3(n2)	0	NA	0	VS	3.691	0.186	0	0
1122	C203313251	O=C(OC1=C(C(=O)NC12(CCC(OC)CC2))c3cc(ccc3C)C)OCC	0	NA	0	VS	2.411	0.192	0	0
1123	C1118123	O=C(N)NC(C)(C)C	0	NA	0	TS	2.097	0.097	0	0
1126	C1126789	c1ccc(cc1)NCCCC	0	NA	0	TS	3.141	0.141	0	0
1127	C122009	O=C(c1ccc(cc1)C)C	0	NA	0	TS	1.74	0.129	0	0
1128	C134816	O=C(c1ccccc1)C(=O)c2ccccc2	0	NA	0	TS	3.098	0.173	0	0
1129	C13676545	O=C1C=CC(=O)N1c2ccc(cc2)Cc3ccc(cc3)N4C(=O)C=CC4(=O)	0	NA	0	TS	4.947	0.196	0	0
1130	C14073973	O=C1CC(C)CCC1C(C)C	0	NA	0	VS	1.602	0.159	0	0
1131	C88697	Oc1ccccc1C(C)C	0	NA	0	TS	1.563	0.16	0	0
1132	C2687914	O=C1N(CC)CCC1	0	NA	0	TS	1.409	0.16	0	0
1133	C350038	O=C(c1cnccc1)C	0	NA	0	TS	1.659	0.139	0	0
1134	C451401	O=C(c1ccccc1)Cc2ccccc2	0	NA	0	VS	3.284	0.165	0	0
1135	C51058	O=C(OCCN(CC)CC)c1ccc(N)cc1	0	NA	0	TS	4.447	0.141	0	0
1136	C5510996	Oc1c(cccc1C(C)CC)C(C)CC	0	NA	0	TS	2.301	0.178	0	0
1137	C56375792	CCCC[N+](C)(CCCC)CCCC	0	NA	0	TS	2.369	0.143	0	0
1138	C81641	O=C1C=CC(=O)c2c(O)c3ccccc3(c(O)c12)	0	NA	0	TS	1.341	0.224	0	0
1139	C93550	O=C(c1ccccc1)CC	0	NA	0	VS	1.964	0.151	0	0
1140	C98668	O=S(=O)(O)c1ccc(cc1)Cl	0	NA	0	TS	1.833	0.118	0	0
1141	C23847087	O=C1N(CCCCC1)SSN2C(=O)CCCCC2	0	NA	0	VS	3.748	0.158	0	0
1142	C5496106	N#CC1(N)(CCCCC1)	0	NA	0	TS	1.326	0.132	0	0
1143	C5810117	O=C(N(C)C)C(C(=O)C)Cl	0	NA	0	TS	2.232	0.104	0	0
1144	C59337938	O=C(OC)c1c(ccs1)S(=O)(=O)N	0	NA	0	VS	2.152	0.166	0	0
1145	C5471512	O=C(C)CCc1ccc(O)cc1	0	NA	0	TS	2.95	0.122	0	0
1146	C10347816	c1ccc3c(c1)C4c2ccccc2C3(CCCNC)CC4	0	NA	0	VS	2.182	0.224	0	0
1148	C109171	O=C(OCCOCCOCCOCCOC(=O)C(=C)C)C(=C)C	0	NA	0	VS	8.852	0.1	0	0
1149	C1131186	N=C1C=C(NN1c2ccccc2)C	0	NA	0	TS	2.113	0.188	0	0
1150	C1187037	O=C(N(CC)CC)N(CC)CC	0	NA	0	TS	2.395	0.175	0	0
1151	C122827	O=C(Nc1ccc(OCC)cc1)CC(=O)C	0	NA	0	TS	3.665	0.153	0	0
1152	C13031431	O=C(Oc1ccc(cc1)C(=O)C)C	0	NA	0	TS	2.592	0.138	0	0
1153	C131088	O=C1c3ccccc3(C(=O)c2cc(ccc12)S(=O)(=O)O)	0	NA	0	TS	2.006	0.187	2	0
1154	C13171001	O=C(c1cc(cc2c1CCC2(C)C)C(C)(C)C)C	0	NA	0	TS	1.659	0.16	0	0
1155	C13301616	N#CCCN(c2ccc(N=Nc1c(cc(cc1Cl)[N+](=O)[O-])Cl)cc2)CC	0	NA	0	VS	5.102	0.17	0	0
1156	C135513	O=S(=O)(O)c1ccc2cc(O)c(cc2(c1))S(=O)(=O)O	0	NA	0	TS	2.324	0.152	0	0
1157	C135659	O=C(Nc1cccc(c1)[N+](=O)[O-])c2cc3ccccc3(cc2(O))	0	NA	0	VS	4.065	0.179	0	0
1158	C15046750	O=S(=O)(O)c1ccccc1C	0	NA	0	VS	1.661	0.153	0	0
1159	C618451	Oc1cccc(c1)C(C)C	0	NA	0	TS	1.686	0.143	0	0
1160	C71526073	O=C(N1CCOC12(CCCCC2))C(Cl)Cl	0	NA	0	TS	2.162	0.189	0	0
1162	C96708	Oc1ccc(cc1C(C)(C)C)CC	0	NA	0	TS	1.809	0.155	0	0
1163	C148878	N#CCCN(c1ccccc1)CC	0	NA	0	VS	2.66	0.169	0	0
1164	C15619484	c1ccc(cc1)C[n+]3cccc2ccccc23	0	NA	0	TS	2.901	0.189	0	0
1165	C1577033	O=C(C=Cc1ccc(cc1)Cl)C(C)(C)C	4.37	3	1	TS	3.706	0.104	0	1
1166	C16485102	O=C(C(O)NCCCO)C(C)(C)CO	0	NA	0	TS	3.544	0.118	0	0
1167	C17696616	O=C(OC(C)CC)c1ccc(O)cc1	0	NA	0	TS	3.063	0.138	0	0
1168	C2304305	CCCC[P+](CCCC)(CCCC)CCCC	0	NA	0	TS	1.951	0.164	0	0
1169	C2459101	O=C(OC)c1ccc(C(=O)OC)c(c1)C(=O)OC	4.81	3	1	TS	2.064	0.17	0	1
1170	C304176	O=C1c2ccccc2(C(=O)N1C(C)C)	0	NA	0	TS	1.498	0.217	0	0
1171	C3778765	O=C(OCC)NN=C1NN=Cc2ccccc12	0	NA	0	TS	3.547	0.175	0	0
1172	C41532847	N=3c2ccc1ccccc1c2C(C=3C)(C)C	0	NA	0	TS	1.408	0.205	0	0
1173	C5437989	O=C(Nc1ccc(OC)cc1)CC(=O)C	0	NA	0	VS	3.481	0.147	0	0
1174	C54914851	O(c1cccc(c1)C)CCOc2cccc(c2)C	0	NA	0	TS	5.001	0.158	0	0
1175	C621078	ON(Cc1ccccc1)Cc2ccccc2	0	NA	0	TS	3.872	0.164	0	0
1176	C6837247	O=C1N(CCC1)C2CCCCC2	0	NA	0	TS	2.049	0.184	0	0
1177	C94317643	NP(N)(NCCCC)=S	0	NA	0	TS	2.988	0.078	0	0
1178	C96968	O=[N+]([O-])c1cc(OC)ccc1(N)	0	NA	0	TS	1.706	0.164	0	0
1179	C999213	O=C(OCC=C)C=CC(=O)OCC=C	4.77	3	1	VS	4.425	0.118	0	1
1180	C106797539	O=C(c1ccc(OCCO)cc1)C(O)(C)C	0	NA	0	VS	3.168	0.133	0	0
1181	C120183	O=S(=O)(O)c1ccc2ccccc2(c1)	0	NA	0	TS	1.91	0.154	0	0
1182	C1205647	c1ccc(cc1)Nc2cccc(c2)C	0	NA	0	TS	2.919	0.163	0	0
1183	C126830	O=S(=O)(O)CC(O)CCl	0	NA	0	TS	2.359	0.098	0	0
1184	C13047137	O=C2NN(c1ccccc1)CC2(C)CO	0	NA	0	TS	2.311	0.172	0	0
1185	C5232995	N#CC(C(=O)OCC)=C(c1ccccc1)c2ccccc2	0	NA	0	TS	2.441	0.201	0	0
1186	C585342	Oc1cccc(c1)C(C)(C)C	0	NA	0	TS	1.782	0.132	0	0
1187	C7473985	O=C(c1ccccc1)C(O)(C)C	0	NA	0	TS	2.251	0.133	0	0
1188	C146653567	N#Cc1ccc(cc1)CC(=O)c2cccc(c2)C(F)(F)F	0	NA	0	VS	4.116	0.151	0	0
1189	C1470797	O=C(c1ccc(O)cc1)c2ccc(O)cc2(O)	0	NA	0	TS	2.886	0.169	0	0
1190	C16669593	O=C(C=C)NCOCC(C)C	0	NA	0	TS	3.911	0.088	0	0
1193	C2050433	O=C(Nc1ccc(cc1C)C)C	0	NA	0	TS	2.218	0.153	0	0
1194	C2057490	n1ccc(cc1)CCCc2ccccc2	0	NA	0	TS	4.13	0.155	0	0
1195	C2082817	O=C(OCCCCOC(=O)C(=C)C)C(=C)C	0	NA	0	TS	5.593	0.089	0	0
1196	C2358841	O=C(OCCOCCOC(=O)C(=C)C)C(=C)C	0	NA	0	VS	6.086	0.091	0	0
1197	C2467030	Oc1ccc(cc1)Cc2ccccc2(O)	0	NA	0	TS	2.981	0.157	0	0
1198	C25804493	O=C(OC(C)(C)C)c1ccc(O)cc1	0	NA	0	TS	2.932	0.131	0	0
1199	C2628162	O=C(Oc1ccc(C=C)cc1)C	0	NA	0	TS	2.481	0.145	0	0
1200	C2694544	O=C(OCC=C)c1ccc(C(=O)OCC=C)c(c1)C(=O)OCC=C	4.8	3	1	TS	2.896	0.163	0	1
1202	C3179804	O=C(NCCCN(C)C)CCCCCCCCCCC	0	NA	0	TS	7.36	0.11	0	0
1203	C320729	O=C(O)c1cc(cc(c1(O))Cl)Cl	0	NA	0	TS	1.513	0.17	0	0
1204	C3445112	O=C1N(CCO)CCC1	0	NA	0	TS	1.973	0.167	0	0
1205	C57609640	O=C(OCCCOC(=O)c1ccc(N)cc1)c2ccc(N)cc2	0	NA	0	TS	6.563	0.147	0	0
1206	C599611	O=S(=O)(c1cccc(N)c1)c2cccc(N)c2	0	NA	0	TS	2.676	0.169	0	0
1207	C61931826	Nc1ccc(cc1)N(c2ccccc2)C(C)CC(C)C	0	NA	0	TS	2.35	0.176	0	0
1208	C701644	O=P(O)(O)Oc1ccccc1	0	NA	0	TS	2.425	0.132	0	0
1209	C79743	Oc1cc(c(O)cc1C(C)(C)CC)C(C)(C)CC	0	NA	0	TS	2.37	0.161	0	0
1210	C84515	Oc1c3ccccc3(c(O)c2cc(C=C)ccc12)	0	NA	0	TS	1.618	0.209	0	0
1211	C88277	Oc1c(cc(cc1C(C)(C)C)CN(C)C)C(C)(C)C	0	NA	0	VS	1.977	0.153	0	0
1212	C88485374	FC(F)(F)C(=NOCC1OCCO1)c2ccc(cc2)Cl	0	NA	0	TS	3.919	0.156	0	0
1213	C66357355	O=[N+]([O-])CC(=NC)NCCSCc1oc(cc1)CN(C)C	0	NA	0	TS	6.162	0.149	0	0
1214	C64857	O=C4CC3=CCC1C(CCC2(C)(C(C(=O)CO)CCC12))C3(C)CC4	0	NA	0	VS	2.199	0.208	0	0
1215	C7681767	O=C(OCc1ncc(n1C)[N+](=O)[O-])N	0	NA	0	TS	2.967	0.15	0	0
1216	C147526327	O=C(O)CC(O)CC(O)C=Cc3c(nc1ccccc1c3(c2ccc(F)cc2))C4CC4	0	NA	0	TS	4.442	0.176	1	0
1217	C143201110	O=C(O)CC(O)CC(O)C=Cc2c(nc(c(c2(c1ccc(F)cc1))COC)C(C)C)C(C)C	0	NA	0	TS	4.305	0.179	1	0
1218	C108612459	O=C1N=C(NC=C1)N(C)C5CCN(c3nc2ccccc2n3Cc4ccc(F)cc4)CC5	0	NA	0	TS	4.486	0.186	0	0
1219	C105624860	O=C1c3ccc(O)cc3(C(=O)N1c2c(cccc2C(C)C)C(C)C)	0	NA	0	TS	2.491	0.209	0	0
1220	C15362400	Oc2cc1ccccc1n2c3c(cccc3Cl)Cl	0	NA	0	TS	2.191	0.216	0	0
1221	C54527843	O=C(OC)C3=C(N=C(C)C(C(=O)OCCN(C)Cc1ccccc1)C3(c2cccc(c2)[N+](=O)[O-]))C	0	NA	0	TS	5.585	0.186	0	0
1222	C1466768	O=C(O)c1c(OC)cccc1(OC)	0	NA	0	TS	1.366	0.207	0	0
1223	C620406	c1ccc(cc1)CN(Cc2ccccc2)Cc3ccccc3	0	NA	0	VS	2.816	0.168	0	0
1224	C335104842	O=C(c1ccc(c(c1Cl)COCC(F)(F)F)S(=O)(=O)C)C2C(=O)CCCC2(=O)	0	NA	0	TS	3.734	0.166	0	0
1225	C2785899	Oc1ccc(cc1(OC))CC	0	NA	0	TS	1.568	0.166	0	0
1226	C4674504	O=C2CC1=CCC(C(=C)C)CC1(C)C(C)C2	0	NA	0	TS	1.699	0.177	0	0
1227	C606451	O=C(OC)c1ccccc1(OC)	0	NA	0	TS	1.905	0.182	0	0
1228	C488108	O=C1C(=C(C)CC1)CC=CCC	0	NA	0	TS	3.002	0.158	0	0
1229	C94020	O=C(OCC)CC(=O)c1ccccc1	0	NA	0	TS	3.348	0.157	0	0
1231	C2040100	O=C(c1c(cc(cc1C)C(C)(C)C)C)C	0	NA	0	TS	1.959	0.163	0	0
1232	C7335264	O=C(OCC)c1ccccc1(OC)	0	NA	0	TS	2.326	0.187	0	0
1233	C37526888	O=C(OCc1ccccc1)C(=CC)C	0	NA	0	TS	3.687	0.131	0	0
1234	C151735	O=C4C=CC2(C(=CCC1C3CC(C)C(O)(C(=O)COP(=O)(O)O)C3(C)(CC(O)C12(F)))C4)(C)	0	NA	0	TS	3.081	0.196	1	0
1235	C130803	O=C(Oc1ccc(cc1)C(=C(c2ccc(OC(=O)CC)cc2)CC)CC)CC	0	NA	0	TS	4.664	0.174	0	0
1236	C61295418	O=C(CCC)C(CC)Sc1ccoc1C	0	NA	0	TS	3.126	0.168	0	0
1237	C55066563	O=C(Oc1ccc(cc1)C)CC(C)C	0	NA	0	TS	3.356	0.14	0	0
1238	C55418525	O=C(C)CCc1ccc2OCOc2(c1)	0	NA	0	TS	2.905	0.156	0	0
1239	C774550	O=C(c1ccc2c(c1)CCCC2)C	0	NA	0	TS	1.762	0.168	0	0
1240	C13679704	O=Cc1ccc(C)s1	0	NA	0	TS	1.539	0.153	0	0
1241	C867812	O=C(O)CCNC(O)C(=O)C(C)(C)CO	0	NA	0	TS	3.921	0.108	2	0
1242	C117839	O=C(OCCOCCCC)c1ccccc1(C(=O)OCCOCCCC)	0	NA	0	VS	6.211	0.152	0	0
1243	C697825	Oc1cc(cc(c1C)C)C	0	NA	0	TS	0.962	0.153	0	0
1244	C94462	O=C(OCCC(C)C)c1ccccc1	0	NA	0	TS	3.773	0.133	0	0
1245	C126647	O=C(OC(C=C)(C)CCC=C(C)C)c1ccccc1	0	NA	0	TS	4.128	0.139	0	0
1246	C2785877	Oc1ccc(cc1(OC))CCC	0	NA	0	TS	2.021	0.171	0	0
1247	C20665854	O=Cc1ccc(OC(=O)C(C)C)c(OC)c1	0	NA	0	TS	2.815	0.152	0	0
1248	C23495127	O=C(OCCOc1ccccc1)CC	0	NA	0	VS	4.377	0.128	0	0
1249	C83834597	O=C(OCC(CC)CCCC)C=Cc1ccc(OC)cc1	0	NA	0	VS	5.645	0.142	0	0
1250	C139340560	O=C2NC(=N)SC2(=Cc1cc(c(O)c(c1)C(C)(C)C)C(C)(C)C)	0	NA	0	VS	3.022	0.166	0	0
1251	CNOCAS47248	O=C(N=C3N=C(c1ccccc1)c2cc(cc4c2N(C3(=O))CC4)C)C5=CC=NCC5	0	NA	0	VS	3.21	0.201	0	0
1252	C221246124	O=C(O)C5=C(c2cc1OCOc1c(c2)CC)c3ccccc3S(=O)(=O)N5(c4ccccc4C(F)(F)F)	0	NA	0	VS	2.891	0.215	1	0
1253	C145742285	FC(F)(F)Oc1ccc(OC)c(c1)CNC3CCCNC3(c2ccccc2)	0	NA	0	TS	4.744	0.174	0	0
1254	C186392654	O=C(NC(C(=O)C(O)N1CC(O)C(O)C1)Cc2ccccc2)c3cc4cc(ccc4([nH]3))Cl	0	NA	0	TS	4.369	0.176	0	0
1255	C199171885	N#CC4(c1ccc2c(c1)n(nc2CC)C3CCCCC3)(CCC(C(=O)O)CC4)	0	NA	0	TS	3.253	0.194	1	0
1256	C220860504	O=C(NCc1ccccc1)C2=CNc3ccc(nc3(C2(=O)))OCC	0	NA	0	TS	4.274	0.182	0	0
1257	CNOCAS47255	O=C(Nc1c(cccc1C(C)C)C(C)C)NS(=O)(=O)c2occ(c2)C(O)(C)C	0	NA	0	TS	5.105	0.165	0	0
1258	C127308821	O1c2ccc(cc2(OC1))CCN5CCCC(OC(c3ccccc3)c4ccccc4)C5	0	NA	0	TS	5.555	0.187	0	0
1259	C124378774	O=C(N(C)C3CCC1(OCCC1)CC3(N2CCCC2))Cc5cccc4occc45	0	NA	0	VS	4.392	0.199	0	0
1260	C149062759	N=2c1cc(cc(c1CN3C=2CCCCC3)Cl)Cl	5.05	3	1	VS	1.673	0.194	0	1
1261	C177785476	O=C(O)C(N2C(=O)c1ccccc1S2)C(C)CC	0	NA	0	TS	2.362	0.204	0	0
1262	C207736058	O=C1OC(CC(=O)C1Sc2cc(c(cc2C(C)(C)C)CO)C)(CCc3ccc(N)cc3)C(C)C	0	NA	0	TS	4.659	0.172	0	0
1263	C349495427	O=C1N=CC(Nc2c(nn(c12)CC)C)c3ccc(O)cc3	0	NA	0	VS	2.575	0.196	0	0
1264	C171866312	Fc1ccc(cc1)C2(O)(CCN(CC2)C4COc3cc(O)ccc3C4(O))	0	NA	0	VS	3.666	0.181	0	0
1265	CNOCAS47265	O=C(O)CCN(C1(C(O)=NO)(CCCC1))S(=O)(=O)c3ccc(Oc2ccc(F)cc2)cc3	0	NA	0	TS	4.492	0.179	2	0
1266	C230954093	O=S(=O)(NC1(C(O)=NO)(CCOCC1))c3ccc(Oc2ccc(F)cc2)cc3	0	NA	0	TS	4.825	0.173	0	0
1267	CNOCAS47267	OC(c1nccc(n1)N3C(C)CN(c2nc(nc(n2)C)C)CC3C)C	0	NA	0	TS	3.47	0.188	0	0
1269	C253450098	O=C1Oc2cc(ccc2(N1))S(=O)CCN4CCC(Cc3ccc(F)cc3)CC4	0	NA	0	TS	5.995	0.169	0	0
1270	C676116044	O=C2Nc1c(cc(cc1C(C)(C)C2)CCN5CCN(c3nsc4ccccc34)CC5)C	0	NA	0	TS	5.514	0.197	0	0
1271	C249296433	O=C(N)C4(c1cccc(c1)Sc2ccc(cc2)n3ccnc3C)(CCOCC4)	0	NA	0	VS	4.803	0.193	0	0
1272	C113734182	O=C(O)COc1ccc(cc1)CC(NCC(O)c2nc(C(F)(F)F)sc2)C	0	NA	0	TS	6.498	0.138	1	0
1273	C194098254	Oc1cccc2[nH]cc(c12)C(O)Nc3ccc(cc3)CNC	0	NA	0	TS	4.13	0.192	0	0
1274	C214535770	O=C(NCc1ccc(cc1)C(O)(C)C)c3cccnc3(Oc2ccc(F)cc2)	0	NA	0	TS	5.609	0.156	0	0
1275	C261947380	O=C(OC(C)C)N3c1ccc(cc1C(N(C(=O)C)Cc2cc(cc(c2)C(F)(F)F)C(F)(F)F)CC3CC)C(F)(F)F	0	NA	0	VS	4.274	0.164	0	0
1276	C289716945	Fc2ccc(Oc1ccc(c(c1)Cl)Cl)c(c2)CNC	0	NA	0	TS	3.248	0.17	0	0
1277	C353280076	O=C(NCc1ccc(cc1)C(O)(C)C)c4cccnc4(Oc2ccc3nonc3(c2))	5.68	3	1	TS	5.839	0.169	0	1
1278	C445295045	O=C(O)C(Oc1ccc(c(F)c1)CNC(=O)c4cccnc4(Oc2ccc3OCOc3(c2)))C	4.77	3	1	TS	6.369	0.17	0	1
1279	C368832422	O=C2N(c1cc(c(OC)cc1C3CC23)CNC5CCC(NC5(c4ccccc4))CC)C	0	NA	0	TS	4.586	0.195	0	0
1280	C478149530	O=C(NC2CN1CCC2(CC1))c3ncc4occc4(c3)	0	NA	0	TS	3.719	0.188	0	0
1281	C527680564	O=C(NC2CN1CCC2(CC1))c3ccc4OCCOc4(c3)	0	NA	0	TS	3.803	0.187	0	0
1282	C123122554	O=C(O)C4CCC(NC(=O)C1(CCCC1)CC(C(=O)Oc2ccc3c(c2)CCC3)COCCOC)CC4	0	NA	0	TS	5.323	0.171	1	0
1283	C197077557	O=C1Nc2cc(c(c(c2(NC1(=O)))n3c(nnc3COC)c4ccc[n+]([O-])c4)Cl)Cl	0	NA	0	TS	2.872	0.202	0	0
1284	C203942498	O=C(c1cc(cc(c1)C(F)(F)F)C(F)(F)F)N(C)CC(c2ccc(c(c2)Cl)Cl)CC[N+]34(CCC(CC3)(CC4)C5CCCCC5)	0	NA	0	TS	5.939	0.159	0	0
1285	C215297271	O=C3N=C(Nc1c3(nn(c1CC)Cc2ncccc2))c4cc(ccc4(OCCC))S(=O)(=O)N5CCN(CC)CC5	0	NA	0	TS	4.517	0.189	0	0
1286	C402910274	O=S(=O)(N)c2ccc(Oc1ccc(c(c1)C)SC)c(c2)CN(C)C	0	NA	0	TS	3.486	0.158	0	0
1287	CNOCAS47291	O=C(NC3N=C(c1ccccc1)c2cc(N)cc4c2N(C3(=O))CC4)c5cnccc5	0	NA	0	TS	3.21	0.201	0	0
1288	CNOCAS47292	O=C1N=C(NO1)CC2(CN)(CCCCC2)	0	NA	0	TS	2.684	0.176	0	0
1289	C668981020	Fc1ccc(F)c(c1)c2ncoc2c3ccc4nnc(n4(c3))C(C)C	0	NA	0	TS	3.581	0.199	0	0
1290	C291305061	O=S(=O)(N)c1ccc3c(c1)C(NC)CCC3(c2ccc(c(c2)Cl)Cl)	0	NA	0	VS	2.663	0.172	0	0
1291	CNOCAS47299	O(c1cccc(c1)C4(N3CCN(c2ccccc2)CC3)(CCC(C)CC4))CC	0	NA	0	TS	3.409	0.19	0	0
1292	C179465715	O=C(N)N(O)C3C=CC(Oc2cccc(Oc1ccc(F)cc1)c2)C3	0	NA	0	TS	5.009	0.16	0	0
1293	C290352282	O=C(O)C(=O)Nc3cc(c(Oc1ccc(O)c2c1CCC2)c(c3)C)C	0	NA	0	TS	4.015	0.176	0	0
1294	C501027492	O=C(O)CCn4ccc3c(OCCc1nc(oc1C)c2ccccc2)cccc34	5.49	3	1	TS	5.845	0.181	1	1
1296	C162706141	O=C(O)CCCCn3c1ccccc1c(c2cnccc2)c3C	0	NA	0	VS	3.626	0.19	4	0
1297	C196808454	O=C(O)C(Nc2ccccc2(C(=O)c1ccccc1))Cc5ccc(OCCc3nc(oc3C)c4ccccc4)cc5	6.38	6.88	1	VS	8.096	0.179	2	1
1298	CNOCAS47311	O=C(c1cc(c(F)cc1Cl)S(=O)(=O)NC)N3CCC(c2cccc(F)c2)(CC3)CCN4C7CCC4CC(n5c6ccccc6(nc5C))C7	0	NA	0	TS	6.042	0.197	0	0
1299	C864283487	N#Cc1ccc(cc1C(F)(F)F)N(CC(=O)N)CC(F)(F)F	0	NA	0	TS	2.87	0.153	0	0
1300	C263553339	O=C(c2cc(OCC(N=C1C=CNC=C1)C)cc(c2)C)N(CC)C(C)C	0	NA	0	VS	5.35	0.173	0	0
1301	C444610917	O=C(O)COc1ccc(cc1CC)SCc3c(nc(c2ccc(cc2)C(F)(F)F)s3)CN5CCN(c4ccc(OC)cc4)CC5	7.26	9.63	1	TS	5.357	0.164	1	1
1302	C461023632	O=C(O)c5ccc(Oc1ccc(cc1)CN4CCC2(C(=O)NC(C(=O)N2(CCCC))C(O)C3CCCCC3)CC4)cc5	0	NA	0	TS	6.098	0.184	2	0
1303	C139149556	O=C(N)N(O)C2c3ccc(OCc1ccccc1)cc3(OC2)	0	NA	0	TS	4.085	0.172	0	0
1304	C184653847	O=C(NC1c2cc(ccc2(OC(C)(C)C1(O)))C(=O)C)c3ccc(F)cc3	0	NA	0	VS	3.55	0.167	0	0
1305	C180084019	O=C(c1ccc(cc1)c2ccc(cc2C)c3nnc(o3)C)N7c6cc4c(OCC45(CCN(CC)CC5))cc6CC7	0	NA	0	TS	5.842	0.197	0	0
1306	C200940234	O=C(Nc2cnc(Oc1cccnc1C)cc2)N4c3cc(c(cc3CC4)C)C(F)(F)F	0	NA	0	VS	5.586	0.178	0	0
1307	C219790724	Fc1ccc(cc1)c4ncn(c4(c2nc(ncc2)Oc3ccccc3))C(CO)CO	0	NA	0	VS	3.77	0.193	0	0
1308	CNOCAS47325	O=C(C=Cc1ccc(F)cc1)NC5CCC(CCN3CCc2ccc(cc2CC3)c4noc(n4)C)CC5	0	NA	0	TS	7.649	0.166	0	0
1309	C313994795	O=C(O)C(N(C)C5CC(c1cccc(F)c1)C(CN4CCC(c2cc(nn2CC)Cc3ccccc3)CC4)C5)C(C)C	0	NA	0	TS	5.829	0.191	2	0
1310	CNOCAS47328	O=C(N)c1nc(n[nH]1)c2cccc(c2)c3cc(F)ccc3(OCC(F)(F)C(F)(F)F)	0	NA	0	TS	4.738	0.147	0	0
1311	CNOCAS47330	N#Cc1cccc(F)c1c2cc(ccc2(F))c4cnc3nc(cnn34)C(O)(C)C	0	NA	0	VS	3.888	0.191	0	0
1312	C331623064	O=C(O)C(C)Cc1cc(OC)ccc1C5c2nc(ccc2C(c3ccc4OCOc4(c3))C5(C(=O)O))CCCC	0	NA	0	VS	3.088	0.191	4	0
1314	CNOCAS47334	Fc1ccccc1C(F)COC4CCC(N=C3NC=Nc2[nH]ncc23)CC4	0	NA	0	TS	5.691	0.184	0	0
1315	C851916422	O=C(N2Cc1cc(cnc1CC2)C(F)(F)F)C3(CCC(C3)[NH2+]C4CCOCC4(OC))C(C)C	0	NA	0	TS	4.721	0.181	0	0
1316	C1061517621	O=C(O)c2cc(cc1ccccc12)N6CCN(C(=O)c4nc(c3ccc(cc3)C)n(c4)c5cccc(OCC)c5)CC6	0	NA	0	TS	5.455	0.191	0	0
1317	C262376750	OC34(N=C(c1ccccc1)SC4(Cc2cc(ccc23)Cl))	0	NA	0	TS	2.461	0.2	0	0
1318	C181640095	O=C(NC5(c1ccccc1)(CCN(CCC3(OCCN(C(=O)c2ccccc2)C3)(c4ccc(F)c(F)c4))CC5))N(C)C	0	NA	0	TS	5.198	0.176	0	0
1320	CNOCAS47342	O(c1cccc(c1)c3ccc(C=CCN2CCCCCC2)cc3Cl)C	0	NA	0	TS	5.134	0.173	0	0
1321	C159138815	O=C(N=C(N)N)c1ccc(c(c1)S(=O)(=O)C)C(C)C	0	NA	0	TS	2.735	0.156	0	0
1322	CNOCAS47346	N#CC4N(C(=O)CNC3CC2N(c1ncccn1)C(CC2)C3)CC(F)(F)C4	0	NA	0	VS	5.036	0.198	0	0
1323	C155990208	O=CNCc2ccc(NCCN(CC)CC)c3C(=O)c1cc(OC)ccc1Sc23	6.05	4.8	1	TS	3.518	0.186	0	1
1324	C742693385	O=C(NC(c1ccccc1)C2NCCCC2)c3cccc(c3Cl)C(F)(F)F	0	NA	0	TS	4.078	0.183	0	0
1325	CNOCAS47351	O=C(NC(C(=O)N(C)C(C)C)Cc1ccc(cc1)CN2C(C)CCCC2C)CC(NS(=O)(=O)c3ccc4cc(OC)ccc4(c3))c5ccc6OCOc6(c5)	0	NA	0	TS	7.091	0.175	0	0
1326	CNOCAS47353	O=C(c1ccccc1)N3CCOC(c2ccc(c(c2)Cl)Cl)(C3)CCN5CCC(C(=O)N(C)C)(N4CCCCC4)CC5	0	NA	0	TS	5.05	0.186	0	0
1327	C189003927	O=C(N)CN2C(=O)C=C(c1ccc(F)cc12)CCN5CCN(c4nccc3c4(ccs3))CC5	0	NA	0	TS	5.412	0.196	0	0
1328	C473289622	O=C(O)C3N2C(=O)C(NC(=O)C(C(C)C)SC(=O)C)Cc1ccccc1C2CCC3	0	NA	0	TS	3.698	0.195	1	0
1329	C288104790	O=C(NN1CCCCC1)c4nn(c2ccc(cc2Cl)Cl)c(c3ccc(cc3)Br)c4CC	0	NA	0	TS	3.194	0.194	0	0
1330	C439687691	O=C(N(C)C)C1N(CC(O)C1)C3(C(=O)N(c2ccc(cc23)Cl)S(=O)(=O)c4ccc(OC)cc4(OC))(c5ccccc5(OC))	0	NA	0	TS	3.111	0.218	0	0
1331	C298198524	O=C(Oc1ccc(cc1)Br)N2CCN3CCC2CC3	0	NA	0	TS	3.573	0.171	0	0
1333	C139290656	Fc1ccc(cc1)CCN2CCC(CC2)C(O)c3cccc(OC)c3(OC)	0	NA	0	TS	5.146	0.183	0	0
1334	CNOCAS47364	O=C(NC(c1ccccc1)C3CN2CCC3(CC2))c4c(ccc(c4Cl)C(F)(F)F)Cl	0	NA	0	TS	4.081	0.191	0	0
1335	CNOCAS47366	O=C(Nc1ccc2[nH]ccc2(c1))c4cc3cc(F)ccc3n4Cc5cccc(F)c5	0	NA	0	VS	4.16	0.191	0	0
1336	C344930956	O=C2C=C(N=C3C(OCCN1CCCCC1)=CC=CN23)OCN5C(=O)c4c(cc(OC)cc4S5(=O)(=O))C(C)C	0	NA	0	TS	6.012	0.198	0	0
1338	C725228455	O=C(c2oc(C#Cc1ccccc1(F))cc2)N4CCC(c3cccc(c3)CN)CC4	6.05	4.8	1	TS	5.83	0.176	0	1
1339	C478263988	O=C(NC(c1ccccc1)CC)c4cc(F)ccc4([N-]S(=O)(=O)c3cccc2cccnc23)	0	NA	0	TS	5.218	0.193	3	0
1340	CNOCAS47374	N#CC=4C(=NC(=O)c1ccc(OC)cc1)Nc2ccccc2C=4(NCc3ccccc3)	0	NA	0	TS	4.34	0.188	0	0
1341	C862243296	O=C(O)c1ccccc1N4C=C(C(=O)O)C(=O)c3cc(Nc2c(F)cc(F)cc2Cl)c(cc34)Cl	0	NA	0	TS	3.632	0.196	3	0
1342	C648917139	O=C(O)C3CCN(c2ccc(F)cc2(NC(=O)NC(=O)c1cc(F)c(F)cc1Cl))CC3	0	NA	0	TS	5.572	0.172	2	0
1343	CNOCAS47377	O=C(OCC)OC(OC(=O)c1ccc3c(c1)cc(C(=O)NC2CCN(CC2)C(C)C)n3Cc4noc(c4)c5ccc(Cl)s5)C	0	NA	0	TS	4.564	0.177	0	0
1344	CNOCAS47379	O=C(c1cccc(c1C3(C(=O)N(c2ccc(cc23)Cl)Cc4ccc(OC)cc4(OC))C)Cl)N(Cc5cnccc5)CC	0	NA	0	TS	4.71	0.206	0	0
1345	CNOCAS47381	O=C(c1c(c(c(OCCC)s1)Br)C)N3CCC(c2cc(ccc2(F))CN)CC3	0	NA	0	TS	4.565	0.184	0	0
1346	CNOCAS47383	O=C(O)c6ccc3c(nc(C(=O)NC1CCN(CC1)C2CC2)n3Cc4noc(c4)c5ccc(Cl)s5)c6	0	NA	0	TS	4.591	0.179	0	0
1347	CNOCAS47385	O=C(N=C1C=CC(=CN1)Cl)Cn3c4cnc(OCCOC)cc4(cc3(C(=O)NC2CCN(CC2)C(C)C))	0	NA	0	TS	4.42	0.169	0	0
1348	CNOCAS47387	O=C(NC5(c1cccc(F)c1)(CCN(CCC3(OCC(=O)N(c2ccccc2)C3)(c4ccc(c(c4)Cl)Cl))CC5))C	0	NA	0	TS	4.941	0.184	0	0
1350	C1068967963	O=C(Nn2cc(c1cc(F)ccc12)C)c3cnc(nc3C)c4ncccc4	0	NA	0	TS	4.539	0.193	0	0
1352	C33704619	O=C1C2=C(CCC1)C(C)(C)C(C)C2(C)C	0	NA	0	TS	1.061	0.208	0	0
1353	C10402332	O=C(Oc1ccc(cc1(OC))CC=C)Cc2ccccc2	0	NA	0	TS	4.2	0.178	0	0
1354	C78375	O=C(OC(C=C)(C)CCC=C(C)C)C=Cc1ccccc1	0	NA	0	VS	5.122	0.135	0	0
1355	C122689	O=C(OCCCc1ccccc1)C=Cc2ccccc2	0	NA	0	TS	6.09	0.148	0	0
1356	C104278	O=C(C=Cc1ccc(OC)cc1)CC	0	NA	0	TS	3.403	0.129	0	0
1357	C1638228	Oc1ccc(cc1)CCCC	0	NA	0	TS	2.612	0.138	0	0
1358	C99490	O=C1CC(C=CC1C)C(=C)C	0	NA	0	TS	1.696	0.135	0	0
1359	C474862	O=C3CCC4C2=CCc1cc(O)ccc1C2CCC34(C)	0	NA	0	TS	1.787	0.203	0	0
1360	C1524885	O=C4CC3=C(F)CC2C5CC1OC(OC1(C(=O)CO)C5(C)(CC(O)C2C3(C)CC4))(C)C	0	NA	0	VS	2.1	0.232	0	0
1361	C426131	O=C4C=CC2(C(=C(C)CC1C3CCC(O)(C(=O)C)C3(C)(CC(O)C12(F)))C4)(C)	0	NA	0	TS	1.86	0.215	0	0
1362	C475310	O=C(O)CNC(=O)CCC(C)C2CCC3C4C(O)CC1CC(O)CCC1(C)C4(CC(O)C23(C))	0	NA	0	VS	4.536	0.19	2	0
1363	C13816336	N#Cc1ccc(cc1)C(C)C	0	NA	0	TS	1.951	0.139	0	0
1364	C3209130	Oc1cc(OC)cc(c1)C	0	NA	0	TS	1.408	0.167	0	0
1365	C91612	c1cc2NCCCc2(cc1C)	0	NA	0	TS	1.207	0.177	0	0
1366	C34161234	O=C(N3CCN(Cc1ccc2OCOc2(c1))CC3)COc4ccc(cc4)Cl	0	NA	0	TS	5.653	0.167	0	0
1367	C5331431	O=C(OCc1ccccc1)NN	0	NA	0	TS	3.23	0.127	0	0
1368	C826620	Oc1oc(O)c2c1C3C=CC2C3	0	NA	0	VS	1.026	0.232	0	0
1369	C15707230	n1ccnc(c1C)CC	0	NA	0	TS	1.358	0.159	0	0
1370	C135795	n1cccc2cc(ccc12)C(C)C	0	NA	0	TS	1.762	0.168	0	0
1371	C6533002	O=C4CC3=CCC2C(CCC1(CC)(C2(CCC1(O)(C#C))))C3CC4	0	NA	0	TS	1.934	0.219	0	0
1372	C55061	O=C(O)C(N)Cc2cc(c(Oc1ccc(O)c(c1)I)c(c2)I)I	0	NA	0	TS	3.923	0.153	0	0
1373	C607885	O=C(Oc1ccc(cc1)C)c2ccccc2(O)	0	NA	0	VS	3.479	0.165	0	0
1374	C81131706	O=C(O)CC(O)CC(O)CCC2C(C=CC1=CC(O)CC(OC(=O)C(C)CC)C12)C	0	NA	0	VS	5.022	0.167	1	0
1375	C82469792	O=C(OCCCCCC)CC(OC(=O)CCC)(C(=O)OCCCCCC)CC(=O)OCCCCCC	0	NA	0	VS	4.17	0.149	0	0
1376	C6344678	Oc1ccc3c(c1)c2ccccc2C3	0	NA	0	TS	1.435	0.203	0	0
1377	C117428225	O=C(OC)C(=COC)c1ccccc1COc2nc(ccc2)C(F)(F)F	0	NA	0	TS	4.752	0.173	0	0
1378	C116296312	O=C(O)CSCCCCCCCCCCC	5.43	5.17	1	TS	6.419	0.106	1	1
1379	C5579782	O=C1OC(CCCC)CCCC1	0	NA	0	TS	2.529	0.15	0	0
1380	C25152856	O=C(OCCC=CCC)c1ccccc1	0	NA	0	TS	4.452	0.142	0	0
1381	C486566	O=C2N(C)C(c1cnccc1)CC2	0	NA	0	TS	2.126	0.18	0	0
1382	C27593233	O=C1OC(=CC=C1)CCCCC	0	NA	0	TS	3.133	0.144	0	0
1383	C94473	O=C(OCCc1ccccc1)c2ccccc2	0	NA	0	TS	4.549	0.158	0	0
1384	C79787	O=C(C=CC1=C(C)CCCC1(C)C)CCC=C	0	NA	0	TS	3.898	0.149	0	0
1385	C41481667	O=S(=O)(c1ccc(O)c(c1)CC=C)c2ccc(O)c(c2)CC=C	0	NA	0	VS	3.43	0.176	0	0
1386	C103537	O=C(OCCc1ccccc1)C=Cc2ccccc2	0	NA	0	VS	5.551	0.148	0	0
1387	C103593	O=C(OCC=Cc1ccccc1)C(C)C	0	NA	0	TS	4.625	0.121	0	0
1388	C119653	n1ccc2ccccc2(c1)	0	NA	0	TS	1.047	0.182	0	0
1389	C121982	O=C(OC)c1ccc(OC)cc1	0	NA	0	TS	2.214	0.148	0	0
1390	C122678	O=C(OCC(C)C)C=Cc1ccccc1	0	NA	0	TS	4.307	0.126	0	0
1391	C272451657	O=C(Nc1ccc(cc1C)C(F)(C(F)(F)F)C(F)(F)F)c2cccc(c2(C(=O)NC(C)(C)CS(=O)(=O)C))I	0	NA	0	TS	6.08	0.174	0	0
1392	C55719852	O=C(OCCc1ccccc1)C(=CC)C	0	NA	0	TS	4.291	0.133	0	0
1393	C63449683	O=C(Oc1ccc2ccccc2(c1))c3ccccc3(N)	0	NA	0	TS	3.741	0.184	0	0
1394	C644359	Oc1ccccc1CCC	0	NA	0	TS	1.917	0.166	0	0
1395	C765708	O=C1C(=O)C(C)CC1	0	NA	0	TS	0.964	0.135	0	0
1396	C117997	O=C(c1ccccc1)c2ccccc2(O)	0	NA	0	TS	2.644	0.181	0	0
1397	C79970	Oc1ccc(cc1C)C(c2ccc(O)c(c2)C)(C)C	0	NA	0	TS	2.88	0.153	0	0
1398	C2081085	Oc1ccc(cc1)C(c2ccc(O)cc2)C	0	NA	0	VS	2.902	0.155	0	0
1399	C1219381	O=C(OCCCCCCCC)c1ccc(O)cc1	0	NA	0	TS	5.551	0.134	0	0
1400	CNOCAS48166	O=Cc1cc(OC)c2c(c1)N3OC(OC(=O)C)(C2COC(=O)N)C4N(C(=O)C)C4(C3)	0	NA	0	TS	1.72	0.207	0	0
1401	C129299907	O=C3n2c1ccccc1c(c2CCC3Cc4nc[nH]c4C)C	0	NA	0	TS	2.957	0.209	0	0
1402	C149413741	O=C(O)Cc1ccccc1COc2ccc3oc(cc3(c2))c4nc(cs4)C(C)(C)C	0	NA	0	TS	5.397	0.169	2	0
1403	CNOCAS48172	O=C1c5ccccc5(C(=O)N1CCc2noc(n2)c4ccc(CN3CCCCCC3)s4)	0	NA	0	TS	6.158	0.193	0	0
1404	C174185161	O=C(Nc2cccc1c2(oc(c1C(O)(C)C)C))c3c(cccc3Cl)Cl	0	NA	0	TS	3.906	0.202	0	0
1405	C151506444	O=S(c1ccc(cc1)c3cc(nn3(c2ccc(OC)cc2))C(F)F)C	0	NA	0	TS	3.135	0.169	0	0
1407	C136042198	n1nc(n[nH]1)c5ccccc5(c2ccc(cc2)Cn3c4ncccc4(nc3CCCC))	0	NA	0	TS	4.825	0.201	0	0
1408	C2696846	Nc1ccc(cc1)CCC	0	NA	0	VS	2.063	0.148	0	0
1409	C769926	Nc1ccc(cc1)C(C)(C)C	0	NA	0	TS	1.833	0.118	0	0
1410	C712505	O=C(c1ccccc1)C2CCCCC2	0	NA	0	TS	2.627	0.174	0	0
1411	C78473719	O=C2OCC(Cc1cccc(O)c1)C2Cc3cccc(O)c3	0	NA	0	VS	3.951	0.175	0	0
1412	C2919666	O=C(OC4(C(=O)C)(C(=C)CC3C2=CC(=C1CC(=O)CCC1(C)C2CCC34(C))C))C	0	NA	0	VS	2.232	0.226	0	0
1413	C41372207	Oc1ccc4c(c1(O))c2cccc3c2C(N(C)CC3)C4	0	NA	0	TS	1.415	0.215	0	0
1415	C127253	O=C(OC)C2(C)(CCCC3(C)(C1C(C=C(CC1)C(C)C)=CCC23))	0	NA	0	TS	2.203	0.196	0	0
1416	C13680358	Nc1c(cc(cc1CC)Cc2cc(c(N)c(c2)CC)CC)CC	0	NA	0	VS	3.537	0.196	0	0
1417	C1671756	O=C(c1ccccc1)CCCCCC	0	NA	0	TS	3.927	0.144	0	0
1418	C18979550	Oc1ccc(OCCCCCC)cc1	0	NA	0	VS	4.243	0.131	0	0
1419	C4344552	O(c1ccc(N)cc1)CCCC	0	NA	0	VS	3.164	0.134	0	0
1420	C480637	O=C(O)c1c(cc(cc1C)C)C	4.52	3	1	TS	1.482	0.187	0	1
1421	C838857	O=P(O)(Oc1ccccc1)Oc2ccccc2	0	NA	0	TS	3.644	0.162	0	0
1422	C938169	O=C(c1ccccc1)C(C)(C)C	0	NA	0	VS	2.251	0.133	0	0
1423	C94086	O=C(OCC)c1ccc(cc1)C	0	NA	0	TS	2.45	0.15	0	0
1424	CNOCAS48505	O=[N+]([O-])c1ccc2N=C4NN=C(C4(=NC(c2(c1))c3ccccc3Cl))C	0	NA	0	VS	2.072	0.19	0	0
1425	C588941451	O=C(N=C1C=NC=CN1)C(c2ccc(c(c2)Cl)S(=O)(=O)C)CC3CCCC3	0	NA	0	VS	3.393	0.172	0	0
1426	CNOCAS48507	O=C3C=C(Oc1ccc(F)cc1(F))C2=CNC(N=C2N3C)=NCC(O)(C)C	0	NA	0	TS	3.779	0.161	0	0
1427	C1062243519	O=C(NC1CCN(C)CC1)c5ccc(N=C2N=C3C(=CN2)N(C(=O)C(F)(F)CN3C4CCCC4)C)c(OC)c5	0	NA	0	TS	5.443	0.183	0	0
1428	C107071669	O=C(N3CCC(C=C(c1ccccc1)c2ccccc2)CC3)CCCCCCCCc4cnccc4	0	NA	0	TS	8.647	0.168	0	0
1429	CNOCAS48516	O=C(NS(=O)(=O)C=Cc1ccccc1)c2ccc(F)cc2Cl	0	NA	0	VS	4.813	0.158	0	0
1430	CNOCAS48518	O=C(NS(=O)(=O)C=Cc1cccs1)c2ccc(F)cc2Br	0	NA	0	TS	4.58	0.159	0	0
1431	C686756876	O=C4N(C3=NC(=Nc1ccc2OC(CO)COc2(c1))NC=C3CN4c5ccccc5Br)C	0	NA	0	TS	4.588	0.194	0	0
1432	C625114412	O=C(N=C1C=NC=CN1)C(c2ccc(c(c2)Cl)S(=O)(=O)C)CC3CC(=O)CC3	0	NA	0	VS	3.272	0.17	0	0
1433	C1191914212	O=C4OC1(CCN(CC1)C3(C)(CCN(C(=O)c2c(ncnc2C)C)CC3))C(CN4CC5CCOCC5)CCCC	0	NA	0	TS	5.083	0.186	0	0
1434	C192939461	O=C(OCC)CNC(C(=O)N2CCC2(C(=O)NCc1ccc(cc1)C(=NO)N))C3CCCCC3	0	NA	0	TS	6.35	0.166	0	0
